날짜,승객유형,승차인원,환승유입인원
2023-01-01,일반,4627,3003
2023-01-01,어린이,63,36
2023-01-01,중고생,1,1
2023-01-01,청소년,182,92
2023-01-01,우대권,678,323
2023-01-01,직원,95,10
2023-01-01,영어 일반,7,2
2023-01-01,중국어 일반,0,2
2023-01-01,영어 어린이,1,0
2023-01-02,일반,10684,6030
2023-01-02,어린이,37,26
2023-01-02,청소년,163,91
2023-01-02,우대권,1169,608
2023-01-02,직원,151,14
2023-01-02,영어 일반,7,3
2023-01-02,중국어 일반,4,3
2023-01-02,영어 어린이,2,2
2023-01-02,중국어 어린이,1,1
2023-01-03,일반,12427,6999
2023-01-03,어린이,52,32
2023-01-03,중고생,0,1
2023-01-03,청소년,159,92
2023-01-03,우대권,1333,716
2023-01-03,직원,133,18
2023-01-03,영어 일반,0,2
2023-01-03,일어 일반,1,0
2023-01-03,중국어 일반,1,0
2023-01-03,영어 어린이,0,1
2023-01-03,일어 어린이,1,0
2023-01-04,일반,11870,6638
2023-01-04,어린이,60,33
2023-01-04,청소년,160,107
2023-01-04,우대권,1351,737
2023-01-04,직원,129,17
2023-01-04,영어 일반,4,4
2023-01-04,영어 어린이,2,1
2023-01-05,일반,12074,6566
2023-01-05,어린이,53,45
2023-01-05,청소년,258,145
2023-01-05,우대권,1422,748
2023-01-05,직원,120,11
2023-01-05,영어 일반,9,0
2023-01-05,영어 어린이,3,0
2023-01-06,일반,12863,7099
2023-01-06,어린이,90,48
2023-01-06,청소년,219,114
2023-01-06,우대권,1402,799
2023-01-06,직원,147,19
2023-01-06,영어 일반,2,1
2023-01-06,중국어 일반,3,3
2023-01-07,일반,11752,6972
2023-01-07,어린이,116,68
2023-01-07,중고생,1,0
2023-01-07,청소년,368,191
2023-01-07,우대권,967,504
2023-01-07,직원,89,18
2023-01-07,중국어 일반,1,0
2023-01-07,영어 어린이,0,1
2023-01-08,일반,6697,4103
2023-01-08,어린이,97,48
2023-01-08,중고생,1,0
2023-01-08,청소년,280,169
2023-01-08,우대권,917,489
2023-01-08,직원,89,11
2023-01-08,영어 일반,2,0
2023-01-08,일어 일반,2,0
2023-01-08,중국어 일반,2,0
2023-01-09,일반,11477,6364
2023-01-09,어린이,67,61
2023-01-09,중고생,1,0
2023-01-09,청소년,378,260
2023-01-09,우대권,1426,734
2023-01-09,직원,129,8
2023-01-09,영어 일반,1,2
2023-01-09,중국어 일반,3,1
2023-01-09,영어 어린이,2,0
2023-01-10,일반,11932,6516
2023-01-10,어린이,95,63
2023-01-10,중고생,1,1
2023-01-10,청소년,255,148
2023-01-10,우대권,1472,788
2023-01-10,직원,140,14
2023-01-10,중국어 일반,2,0
2023-01-10,일어 어린이,0,1
2023-01-11,일반,11979,6530
2023-01-11,어린이,80,48
2023-01-11,중고생,0,0
2023-01-11,청소년,338,218
2023-01-11,우대권,1499,790
2023-01-11,직원,134,16
2023-01-11,영어 일반,1,1
2023-01-11,일어 일반,1,0
2023-01-11,중국어 일반,1,1
2023-01-12,일반,11929,6408
2023-01-12,어린이,115,74
2023-01-12,중고생,1,1
2023-01-12,청소년,318,185
2023-01-12,우대권,1533,817
2023-01-12,직원,128,19
2023-01-12,영어 일반,3,2
2023-01-12,중국어 일반,2,0
2023-01-13,일반,11536,6108
2023-01-13,어린이,48,21
2023-01-13,청소년,267,128
2023-01-13,우대권,1277,694
2023-01-13,직원,135,25
2023-01-13,중국어 일반,0,1
2023-01-14,일반,7472,4090
2023-01-14,어린이,96,64
2023-01-14,중고생,1,1
2023-01-14,청소년,247,121
2023-01-14,우대권,994,484
2023-01-14,직원,97,11
2023-01-14,영어 일반,4,1
2023-01-14,중국어 일반,0,0
2023-01-15,일반,5713,3234
2023-01-15,어린이,68,34
2023-01-15,중고생,0,1
2023-01-15,청소년,207,99
2023-01-15,우대권,760,425
2023-01-15,직원,95,14
2023-01-15,영어 일반,0,0
2023-01-16,일반,11272,5942
2023-01-16,어린이,48,28
2023-01-16,중고생,1,1
2023-01-16,청소년,351,220
2023-01-16,우대권,1421,754
2023-01-16,직원,144,21
2023-01-16,영어 일반,0,1
2023-01-16,중국어 일반,2,1
2023-01-17,일반,11681,6281
2023-01-17,어린이,60,33
2023-01-17,중고생,6,5
2023-01-17,청소년,336,199
2023-01-17,우대권,1607,848
2023-01-17,직원,132,12
2023-01-17,영어 일반,2,1
2023-01-18,일반,11810,6259
2023-01-18,어린이,99,80
2023-01-18,중고생,2,3
2023-01-18,청소년,396,264
2023-01-18,우대권,1516,817
2023-01-18,직원,156,20
2023-01-18,영어 일반,3,0
2023-01-18,중국어 일반,3,2
2023-01-18,영어 어린이,1,0
2023-01-19,일반,11873,6201
2023-01-19,어린이,78,38
2023-01-19,중고생,2,2
2023-01-19,청소년,333,190
2023-01-19,우대권,1429,738
2023-01-19,직원,161,17
2023-01-19,중국어 일반,1,0
2023-01-19,중국어 어린이,0,0
2023-01-20,일반,11198,5434
2023-01-20,어린이,67,38
2023-01-20,중고생,1,1
2023-01-20,청소년,236,114
2023-01-20,우대권,1205,604
2023-01-20,직원,146,17
2023-01-20,영어 일반,0,1
2023-01-20,중국어 일반,2,0
2023-01-20,중국어 어린이,1,1
2023-01-21,일반,4800,1862
2023-01-21,어린이,61,32
2023-01-21,중고생,0,0
2023-01-21,청소년,138,78
2023-01-21,우대권,544,241
2023-01-21,직원,75,11
2023-01-21,영어 일반,1,3
2023-01-21,일어 일반,0,0
2023-01-21,중국어 어린이,0,2
2023-01-22,일반,3412,2024
2023-01-22,어린이,78,44
2023-01-22,중고생,1,0
2023-01-22,청소년,136,86
2023-01-22,우대권,503,254
2023-01-22,직원,55,7
2023-01-22,영어 일반,1,1
2023-01-22,중국어 일반,6,4
2023-01-22,중국어 어린이,5,3
2023-01-23,일반,3619,2526
2023-01-23,어린이,123,82
2023-01-23,중고생,0,1
2023-01-23,청소년,107,76
2023-01-23,우대권,636,304
2023-01-23,직원,66,7
2023-01-23,영어 일반,6,6
2023-01-23,중국어 일반,4,2
2023-01-23,중국어 어린이,1,1
2023-01-24,일반,3427,2546
2023-01-24,어린이,12,14
2023-01-24,중고생,1,1
2023-01-24,청소년,126,70
2023-01-24,우대권,470,251
2023-01-24,직원,80,11
2023-01-24,영어 일반,4,0
2023-01-24,중국어 일반,2,3
2023-01-24,영어 어린이,1,0
2023-01-24,중국어 어린이,1,1
2023-01-25,일반,9793,5515
2023-01-25,어린이,39,16
2023-01-25,중고생,2,1
2023-01-25,청소년,154,101
2023-01-25,우대권,1082,565
2023-01-25,직원,136,14
2023-01-25,영어 일반,0,3
2023-01-25,영어 어린이,1,2
2023-01-26,일반,11576,6357
2023-01-26,어린이,68,38
2023-01-26,중고생,1,1
2023-01-26,청소년,202,117
2023-01-26,우대권,1346,766
2023-01-26,직원,161,20
2023-01-26,영어 일반,4,3
2023-01-26,중국어 일반,7,4
2023-01-26,영어 어린이,1,2
2023-01-26,중국어 어린이,4,4
2023-01-27,일반,11890,6493
2023-01-27,어린이,51,33
2023-01-27,중고생,2,2
2023-01-27,청소년,272,153
2023-01-27,우대권,1425,809
2023-01-27,직원,132,11
2023-01-27,영어 일반,7,5
2023-01-27,중국어 일반,6,4
2023-01-27,영어 어린이,3,1
2023-01-27,중국어 어린이,3,3
2023-01-28,일반,7881,4630
2023-01-28,어린이,151,84
2023-01-28,중고생,2,1
2023-01-28,청소년,223,148
2023-01-28,우대권,1041,561
2023-01-28,직원,89,12
2023-01-28,영어 일반,2,0
2023-01-28,중국어 일반,2,3
2023-01-28,중국어 어린이,1,2
2023-01-29,일반,5776,3214
2023-01-29,어린이,90,53
2023-01-29,중고생,1,1
2023-01-29,청소년,237,142
2023-01-29,우대권,898,464
2023-01-29,직원,88,22
2023-01-29,영어 일반,3,2
2023-01-29,중국어 일반,2,2
2023-01-29,영어 어린이,2,2
2023-01-29,중국어 어린이,3,3
2023-01-30,일반,11131,6050
2023-01-30,어린이,50,18
2023-01-30,중고생,2,1
2023-01-30,청소년,284,205
2023-01-30,우대권,1513,812
2023-01-30,직원,163,20
2023-01-30,영어 일반,1,0
2023-01-30,중국어 일반,11,6
2023-01-30,영어 어린이,0,1
2023-01-30,중국어 어린이,4,1
2023-01-31,일반,11264,6216
2023-01-31,어린이,66,39
2023-01-31,중고생,3,2
2023-01-31,청소년,259,183
2023-01-31,우대권,1534,824
2023-01-31,직원,104,14
2023-01-31,영어 일반,0,0
2023-01-31,중국어 일반,1,0
2023-01-31,중국어 어린이,1,1
2023-02-01,일반,11475,6238
2023-02-01,어린이,51,40
2023-02-01,중고생,1,1
2023-02-01,청소년,328,208
2023-02-01,우대권,1638,880
2023-02-01,직원,160,16
2023-02-01,영어 일반,0,1
2023-02-01,중국어 일반,3,0
2023-02-01,중국어 어린이,3,2
2023-02-02,일반,12096,6499
2023-02-02,어린이,68,37
2023-02-02,중고생,2,2
2023-02-02,청소년,261,154
2023-02-02,우대권,1619,874
2023-02-02,직원,139,18
2023-02-02,영어 일반,4,4
2023-02-02,중국어 일반,1,0
2023-02-03,일반,12133,6804
2023-02-03,어린이,55,46
2023-02-03,중고생,2,1
2023-02-03,청소년,251,128
2023-02-03,우대권,1499,767
2023-02-03,직원,175,21
2023-02-03,영어 일반,1,0
2023-02-03,중국어 일반,0,1
2023-02-04,일반,7611,4206
2023-02-04,어린이,161,115
2023-02-04,중고생,1,1
2023-02-04,청소년,254,125
2023-02-04,우대권,1104,590
2023-02-04,직원,98,16
2023-02-04,영어 일반,0,2
2023-02-04,중국어 일반,1,0
2023-02-05,일반,6153,3425
2023-02-05,어린이,145,74
2023-02-05,중고생,1,1
2023-02-05,청소년,206,126
2023-02-05,우대권,963,505
2023-02-05,직원,93,14
2023-02-05,영어 일반,3,1
2023-02-05,중국어 일반,2,0
2023-02-05,영어 어린이,2,3
2023-02-06,일반,10969,5923
2023-02-06,어린이,56,14
2023-02-06,청소년,235,166
2023-02-06,우대권,1537,822
2023-02-06,직원,141,21
2023-02-06,영어 일반,2,0
2023-02-07,일반,11235,6258
2023-02-07,어린이,71,37
2023-02-07,중고생,2,2
2023-02-07,청소년,278,182
2023-02-07,우대권,1585,800
2023-02-07,직원,160,20
2023-02-07,영어 일반,8,3
2023-02-07,영어 어린이,1,1
2023-02-07,중국어 어린이,1,1
2023-02-08,일반,11493,6188
2023-02-08,어린이,67,37
2023-02-08,중고생,3,2
2023-02-08,청소년,236,145
2023-02-08,우대권,1554,860
2023-02-08,직원,157,20
2023-02-08,중국어 일반,1,0
2023-02-09,일반,11398,6126
2023-02-09,어린이,83,56
2023-02-09,중고생,2,2
2023-02-09,청소년,244,156
2023-02-09,우대권,1680,858
2023-02-09,직원,136,28
2023-02-09,영어 일반,2,1
2023-02-09,일어 일반,2,2
2023-02-09,중국어 일반,0,0
2023-02-09,일어 어린이,1,1
2023-02-10,일반,12571,6843
2023-02-10,어린이,96,79
2023-02-10,중고생,3,2
2023-02-10,청소년,320,194
2023-02-10,우대권,1571,915
2023-02-10,직원,127,15
2023-02-10,영어 일반,4,4
2023-02-10,중국어 일반,0,0
2023-02-10,영어 어린이,2,1
2023-02-11,일반,8176,4441
2023-02-11,어린이,220,85
2023-02-11,청소년,285,155
2023-02-11,우대권,1246,598
2023-02-11,직원,92,13
2023-02-11,영어 일반,2,0
2023-02-11,일어 일반,12,17
2023-02-11,중국어 일반,1,1
2023-02-12,일반,6201,3593
2023-02-12,어린이,130,83
2023-02-12,중고생,1,1
2023-02-12,청소년,223,141
2023-02-12,우대권,1028,519
2023-02-12,직원,85,15
2023-02-12,중국어 일반,1,3
2023-02-12,영어 어린이,0,1
2023-02-12,중국어 어린이,3,0
2023-02-13,일반,11309,6025
2023-02-13,어린이,72,38
2023-02-13,중고생,1,1
2023-02-13,청소년,267,141
2023-02-13,우대권,1581,856
2023-02-13,직원,135,19
2023-02-13,영어 일반,0,0
2023-02-13,영어 어린이,0,0
2023-02-14,일반,11979,6457
2023-02-14,어린이,136,96
2023-02-14,중고생,2,1
2023-02-14,청소년,283,190
2023-02-14,우대권,1559,866
2023-02-14,직원,153,23
2023-02-14,영어 일반,9,6
2023-02-14,중국어 일반,6,0
2023-02-15,일반,11785,6328
2023-02-15,어린이,119,83
2023-02-15,중고생,1,1
2023-02-15,청소년,310,210
2023-02-15,우대권,1578,868
2023-02-15,직원,133,18
2023-02-15,영어 일반,7,0
2023-02-15,일어 일반,0,1
2023-02-15,중국어 일반,3,2
2023-02-16,일반,12148,6526
2023-02-16,어린이,128,74
2023-02-16,중고생,3,2
2023-02-16,청소년,319,172
2023-02-16,우대권,1564,857
2023-02-16,직원,129,20
2023-02-16,영어 일반,10,2
2023-02-16,중국어 일반,3,2
2023-02-17,일반,13749,8068
2023-02-17,어린이,151,98
2023-02-17,중고생,4,5
2023-02-17,청소년,330,201
2023-02-17,우대권,1638,919
2023-02-17,직원,163,22
2023-02-17,영어 일반,2,1
2023-02-17,중국어 일반,0,1
2023-02-18,일반,8967,5173
2023-02-18,어린이,230,142
2023-02-18,중고생,1,1
2023-02-18,청소년,461,257
2023-02-18,우대권,1261,642
2023-02-18,직원,74,19
2023-02-18,영어 일반,2,1
2023-02-19,일반,6188,3666
2023-02-19,어린이,112,62
2023-02-19,중고생,1,1
2023-02-19,청소년,337,216
2023-02-19,우대권,930,481
2023-02-19,직원,97,10
2023-02-19,영어 일반,6,3
2023-02-19,중국어 일반,1,2
2023-02-20,일반,11537,6288
2023-02-20,어린이,96,66
2023-02-20,중고생,3,1
2023-02-20,청소년,466,308
2023-02-20,우대권,1483,790
2023-02-20,직원,137,24
2023-02-20,영어 일반,4,4
2023-02-20,중국어 일반,1,0
2023-02-21,일반,12295,6873
2023-02-21,어린이,86,49
2023-02-21,중고생,3,4
2023-02-21,청소년,638,479
2023-02-21,우대권,1504,813
2023-02-21,직원,168,19
2023-02-21,영어 일반,0,1
2023-02-21,일어 일반,0,0
2023-02-21,중국어 일반,0,0
2023-02-21,영어 어린이,0,2
2023-02-22,일반,12690,7330
2023-02-22,어린이,150,68
2023-02-22,중고생,2,2
2023-02-22,청소년,351,242
2023-02-22,우대권,1624,865
2023-02-22,직원,146,27
2023-02-22,영어 일반,0,1
2023-02-22,일어 일반,1,0
2023-02-22,중국어 일반,3,0
2023-02-22,영어 어린이,0,1
2023-02-23,일반,12043,6399
2023-02-23,어린이,150,82
2023-02-23,중고생,2,3
2023-02-23,청소년,386,210
2023-02-23,우대권,1569,860
2023-02-23,직원,147,25
2023-02-23,영어 일반,8,7
2023-02-23,일어 일반,2,1
2023-02-23,중국어 일반,1,1
2023-02-23,영어 어린이,4,3
2023-02-24,일반,12844,7160
2023-02-24,어린이,150,109
2023-02-24,중고생,6,5
2023-02-24,청소년,687,435
2023-02-24,우대권,1626,903
2023-02-24,직원,114,12
2023-02-24,일어 일반,1,0
2023-02-24,중국어 일반,4,0
2023-02-25,일반,9343,5173
2023-02-25,어린이,280,190
2023-02-25,중고생,2,0
2023-02-25,청소년,407,223
2023-02-25,우대권,1261,695
2023-02-25,직원,79,18
2023-02-25,영어 일반,0,2
2023-02-25,중국어 일반,2,0
2023-02-26,일반,6707,3787
2023-02-26,어린이,194,107
2023-02-26,중고생,2,1
2023-02-26,청소년,340,181
2023-02-26,우대권,1000,508
2023-02-26,직원,92,12
2023-02-26,영어 일반,4,3
2023-02-26,일어 일반,1,1
2023-02-26,중국어 일반,4,4
2023-02-26,영어 어린이,0,2
2023-02-27,일반,11781,6463
2023-02-27,어린이,129,74
2023-02-27,중고생,4,5
2023-02-27,청소년,417,288
2023-02-27,우대권,1593,812
2023-02-27,직원,130,18
2023-02-27,영어 일반,3,1
2023-02-27,일어 일반,1,0
2023-02-27,중국어 일반,2,3
2023-02-28,일반,12605,6952
2023-02-28,어린이,149,91
2023-02-28,중고생,6,4
2023-02-28,청소년,385,254
2023-02-28,우대권,1557,863
2023-02-28,직원,129,19
2023-02-28,영어 일반,5,5
2023-02-28,중국어 일반,7,1
2023-03-01,일반,7143,4058
2023-03-01,어린이,234,125
2023-03-01,중고생,2,2
2023-03-01,청소년,273,187
2023-03-01,우대권,1089,568
2023-03-01,직원,91,15
2023-03-01,영어 일반,1,1
2023-03-01,중국어 일반,4,1
2023-03-01,영어 어린이,0,2
2023-03-01,중국어 어린이,0,0
2023-03-02,일반,18023,11286
2023-03-02,어린이,49,15
2023-03-02,중고생,9,8
2023-03-02,청소년,975,672
2023-03-02,우대권,1575,831
2023-03-02,직원,147,25
2023-03-02,영어 일반,5,5
2023-03-02,일어 일반,1,0
2023-03-02,중국어 일반,2,1
2023-03-02,영어 어린이,0,2
2023-03-03,일반,15566,9371
2023-03-03,어린이,39,15
2023-03-03,중고생,14,8
2023-03-03,청소년,707,597
2023-03-03,우대권,1705,917
2023-03-03,직원,144,24
2023-03-03,영어 일반,2,2
2023-03-03,중국어 일반,1,1
2023-03-03,영어 어린이,4,0
2023-03-04,일반,9452,5377
2023-03-04,어린이,215,116
2023-03-04,중고생,2,0
2023-03-04,청소년,282,156
2023-03-04,우대권,1278,690
2023-03-04,직원,101,24
2023-03-04,영어 일반,2,0
2023-03-04,일어 일반,1,0
2023-03-04,중국어 일반,2,2
2023-03-04,영어 어린이,1,1
2023-03-05,일반,7243,4134
2023-03-05,어린이,152,98
2023-03-05,중고생,2,3
2023-03-05,청소년,482,182
2023-03-05,우대권,1035,547
2023-03-05,직원,87,14
2023-03-05,중국어 일반,1,1
2023-03-05,중국어 어린이,1,0
2023-03-06,일반,17874,11221
2023-03-06,어린이,22,10
2023-03-06,중고생,8,7
2023-03-06,청소년,909,653
2023-03-06,우대권,1658,871
2023-03-06,직원,144,17
2023-03-06,영어 일반,10,7
2023-03-06,중국어 일반,0,0
2023-03-07,일반,18201,11566
2023-03-07,어린이,24,3
2023-03-07,중고생,12,9
2023-03-07,청소년,965,711
2023-03-07,우대권,1683,921
2023-03-07,직원,147,26
2023-03-07,영어 일반,9,9
2023-03-07,일어 일반,1,0
2023-03-07,중국어 일반,1,2
2023-03-07,영어 어린이,2,3
2023-03-08,일반,18238,11653
2023-03-08,어린이,37,13
2023-03-08,중고생,9,9
2023-03-08,청소년,910,660
2023-03-08,우대권,1683,850
2023-03-08,직원,137,29
2023-03-08,영어 일반,9,0
2023-03-08,일어 일반,2,0
2023-03-08,중국어 일반,4,2
2023-03-09,일반,18560,11490
2023-03-09,어린이,31,3
2023-03-09,중고생,11,6
2023-03-09,청소년,1008,682
2023-03-09,우대권,1722,916
2023-03-09,직원,143,25
2023-03-09,영어 일반,5,3
2023-03-09,중국어 일반,3,0
2023-03-10,일반,16034,9547
2023-03-10,어린이,48,19
2023-03-10,중고생,5,6
2023-03-10,청소년,622,554
2023-03-10,우대권,1720,913
2023-03-10,직원,162,20
2023-03-10,영어 일반,2,3
2023-03-10,중국어 일반,4,4
2023-03-10,영어 어린이,1,1
2023-03-10,중국어 어린이,1,0
2023-03-11,일반,10941,6413
2023-03-11,어린이,364,175
2023-03-11,중고생,1,1
2023-03-11,청소년,460,260
2023-03-11,우대권,1516,844
2023-03-11,직원,95,15
2023-03-11,영어 일반,5,2
2023-03-11,중국어 일반,10,6
2023-03-11,중국어 어린이,1,0
2023-03-12,일반,6328,3434
2023-03-12,어린이,53,22
2023-03-12,중고생,8,1
2023-03-12,청소년,454,137
2023-03-12,우대권,760,403
2023-03-12,직원,75,6
2023-03-12,영어 일반,4,0
2023-03-12,일어 일반,3,2
2023-03-12,중국어 일반,2,0
2023-03-13,일반,17863,11224
2023-03-13,어린이,39,14
2023-03-13,중고생,9,6
2023-03-13,청소년,874,629
2023-03-13,우대권,1617,859
2023-03-13,직원,158,28
2023-03-13,영어 일반,7,5
2023-03-13,일어 일반,3,0
2023-03-13,중국어 일반,1,0
2023-03-13,영어 어린이,2,0
2023-03-14,일반,18513,11607
2023-03-14,어린이,49,9
2023-03-14,중고생,9,9
2023-03-14,청소년,918,648
2023-03-14,우대권,1666,925
2023-03-14,직원,142,17
2023-03-14,영어 일반,14,10
2023-03-14,영어 어린이,6,9
2023-03-15,일반,18216,11469
2023-03-15,어린이,43,26
2023-03-15,중고생,10,10
2023-03-15,청소년,880,628
2023-03-15,우대권,1657,903
2023-03-15,직원,142,22
2023-03-15,영어 일반,7,8
2023-03-15,중국어 일반,3,2
2023-03-15,영어 어린이,1,1
2023-03-16,일반,19375,12099
2023-03-16,어린이,33,7
2023-03-16,중고생,12,9
2023-03-16,청소년,903,659
2023-03-16,우대권,1964,1090
2023-03-16,직원,158,20
2023-03-16,영어 일반,9,7
2023-03-17,일반,17025,9982
2023-03-17,어린이,44,25
2023-03-17,중고생,8,7
2023-03-17,청소년,756,491
2023-03-17,우대권,1845,1010
2023-03-17,직원,147,29
2023-03-17,영어 일반,1,0
2023-03-17,일어 일반,1,0
2023-03-17,중국어 일반,10,7
2023-03-18,일반,10918,6139
2023-03-18,어린이,347,169
2023-03-18,중고생,0,0
2023-03-18,청소년,412,223
2023-03-18,우대권,1495,844
2023-03-18,직원,91,23
2023-03-18,영어 일반,1,0
2023-03-18,중국어 일반,4,2
2023-03-19,일반,9283,5571
2023-03-19,어린이,308,135
2023-03-19,중고생,2,3
2023-03-19,청소년,378,204
2023-03-19,우대권,1168,605
2023-03-19,직원,90,20
2023-03-19,영어 일반,7,5
2023-03-19,중국어 일반,3,2
2023-03-19,영어 어린이,1,0
2023-03-19,중국어 어린이,1,1
2023-03-20,일반,17632,11095
2023-03-20,어린이,23,6
2023-03-20,중고생,7,6
2023-03-20,청소년,848,582
2023-03-20,우대권,1667,890
2023-03-20,직원,149,20
2023-03-20,영어 일반,3,3
2023-03-20,중국어 일반,4,0
2023-03-20,영어 어린이,0,1
2023-03-21,일반,18480,11570
2023-03-21,어린이,47,11
2023-03-21,중고생,9,6
2023-03-21,청소년,861,629
2023-03-21,우대권,1726,916
2023-03-21,직원,178,33
2023-03-21,영어 일반,7,5
2023-03-21,중국어 일반,0,2
2023-03-21,영어 어린이,2,2
2023-03-22,일반,18468,11528
2023-03-22,어린이,34,8
2023-03-22,중고생,8,5
2023-03-22,청소년,826,592
2023-03-22,우대권,1811,938
2023-03-22,직원,130,28
2023-03-22,영어 일반,3,1
2023-03-22,중국어 일반,1,0
2023-03-23,일반,18714,11660
2023-03-23,어린이,42,18
2023-03-23,중고생,7,5
2023-03-23,청소년,924,613
2023-03-23,우대권,1762,901
2023-03-23,직원,151,28
2023-03-23,영어 일반,5,4
2023-03-23,일어 일반,0,1
2023-03-23,중국어 일반,2,0
2023-03-24,일반,16685,9823
2023-03-24,어린이,39,20
2023-03-24,중고생,11,5
2023-03-24,청소년,823,555
2023-03-24,우대권,1790,968
2023-03-24,직원,135,18
2023-03-24,영어 일반,2,3
2023-03-24,일어 일반,1,0
2023-03-24,중국어 일반,2,1
2023-03-24,영어 어린이,2,2
2023-03-25,일반,11494,6192
2023-03-25,어린이,484,259
2023-03-25,중고생,2,2
2023-03-25,청소년,497,216
2023-03-25,우대권,1470,757
2023-03-25,직원,81,15
2023-03-25,영어 일반,1,2
2023-03-25,일어 일반,1,0
2023-03-25,중국어 일반,2,1
2023-03-25,중국어 어린이,1,0
2023-03-26,일반,9174,5480
2023-03-26,어린이,391,193
2023-03-26,중고생,1,1
2023-03-26,청소년,368,238
2023-03-26,우대권,1346,662
2023-03-26,직원,87,26
2023-03-26,영어 일반,2,0
2023-03-26,중국어 일반,1,0
2023-03-27,일반,17821,11176
2023-03-27,어린이,35,14
2023-03-27,중고생,10,6
2023-03-27,청소년,779,543
2023-03-27,우대권,1756,927
2023-03-27,직원,163,22
2023-03-27,영어 일반,2,2
2023-03-27,중국어 일반,1,1
2023-03-28,일반,18642,11737
2023-03-28,어린이,36,24
2023-03-28,중고생,11,6
2023-03-28,청소년,827,601
2023-03-28,우대권,1968,1020
2023-03-28,직원,123,21
2023-03-28,영어 일반,8,3
2023-03-28,일어 일반,2,1
2023-03-28,중국어 일반,9,3
2023-03-28,영어 어린이,3,0
2023-03-28,일어 어린이,2,1
2023-03-28,중국어 어린이,0,1
2023-03-29,일반,18780,12024
2023-03-29,어린이,53,13
2023-03-29,중고생,7,8
2023-03-29,청소년,874,627
2023-03-29,우대권,2005,1051
2023-03-29,직원,133,29
2023-03-29,영어 일반,16,8
2023-03-29,일어 일반,2,2
2023-03-29,중국어 일반,2,0
2023-03-29,영어 어린이,1,1
2023-03-30,일반,19259,11890
2023-03-30,어린이,67,30
2023-03-30,중고생,8,7
2023-03-30,청소년,940,665
2023-03-30,우대권,2110,1106
2023-03-30,직원,123,24
2023-03-30,영어 일반,10,8
2023-03-30,중국어 일반,3,1
2023-03-30,영어 어린이,2,2
2023-03-31,일반,17968,10432
2023-03-31,어린이,90,44
2023-03-31,중고생,6,4
2023-03-31,청소년,964,677
2023-03-31,우대권,2186,1134
2023-03-31,직원,136,21
2023-03-31,영어 일반,12,4
2023-03-31,중국어 일반,4,1
2023-03-31,영어 어린이,0,1
2023-03-31,중국어 어린이,2,0
2023-04-01,일반,16454,9978
2023-04-01,어린이,946,497
2023-04-01,중고생,5,4
2023-04-01,청소년,587,329
2023-04-01,우대권,2012,1018
2023-04-01,직원,109,29
2023-04-01,영어 일반,6,1
2023-04-01,중국어 일반,8,4
2023-04-01,영어 어린이,1,0
2023-04-01,중국어 어린이,3,0
2023-04-02,일반,12909,7604
2023-04-02,어린이,859,464
2023-04-02,중고생,5,5
2023-04-02,청소년,572,313
2023-04-02,우대권,1814,908
2023-04-02,직원,93,17
2023-04-02,영어 일반,6,2
2023-04-02,중국어 일반,9,10
2023-04-02,영어 어린이,1,0
2023-04-02,중국어 어린이,3,3
2023-04-03,일반,18738,11900
2023-04-03,어린이,57,32
2023-04-03,중고생,8,6
2023-04-03,청소년,773,550
2023-04-03,우대권,2116,1069
2023-04-03,직원,141,18
2023-04-03,영어 일반,10,3
2023-04-03,중국어 일반,14,5
2023-04-03,영어 어린이,4,0
2023-04-03,중국어 어린이,4,5
2023-04-04,일반,18398,11699
2023-04-04,어린이,50,23
2023-04-04,중고생,13,8
2023-04-04,청소년,971,634
2023-04-04,우대권,1854,978
2023-04-04,직원,136,23
2023-04-04,영어 일반,7,3
2023-04-04,일어 일반,4,0
2023-04-04,중국어 일반,4,6
2023-04-04,영어 어린이,2,1
2023-04-04,중국어 어린이,3,4
2023-04-05,일반,17557,11216
2023-04-05,어린이,31,7
2023-04-05,중고생,10,7
2023-04-05,청소년,752,578
2023-04-05,우대권,1430,772
2023-04-05,직원,144,36
2023-04-05,영어 일반,8,6
2023-04-05,일어 일반,1,1
2023-04-05,중국어 일반,6,1
2023-04-06,일반,18515,11531
2023-04-06,어린이,32,19
2023-04-06,중고생,9,7
2023-04-06,청소년,836,635
2023-04-06,우대권,1614,894
2023-04-06,직원,153,24
2023-04-06,영어 일반,13,6
2023-04-06,일어 일반,1,0
2023-04-06,중국어 일반,1,3
2023-04-06,영어 어린이,10,5
2023-04-06,중국어 어린이,0,1
2023-04-07,일반,16761,9869
2023-04-07,어린이,107,58
2023-04-07,중고생,9,6
2023-04-07,청소년,1018,707
2023-04-07,우대권,1918,1005
2023-04-07,직원,136,39
2023-04-07,영어 일반,11,3
2023-04-07,일어 일반,1,1
2023-04-07,중국어 일반,4,1
2023-04-07,영어 어린이,3,1
2023-04-07,중국어 어린이,1,2
2023-04-08,일반,12350,7498
2023-04-08,어린이,434,249
2023-04-08,중고생,2,1
2023-04-08,청소년,453,248
2023-04-08,우대권,1597,822
2023-04-08,직원,90,16
2023-04-08,영어 일반,16,13
2023-04-08,일어 일반,3,3
2023-04-08,중국어 일반,6,8
2023-04-08,영어 어린이,3,1
2023-04-08,중국어 어린이,2,3
2023-04-09,일반,9067,5369
2023-04-09,어린이,406,217
2023-04-09,중고생,5,2
2023-04-09,청소년,358,215
2023-04-09,우대권,1290,663
2023-04-09,직원,87,20
2023-04-09,영어 일반,10,7
2023-04-09,일어 일반,2,3
2023-04-09,중국어 일반,10,4
2023-04-09,영어 어린이,5,3
2023-04-09,중국어 어린이,9,6
2023-04-10,일반,17278,11087
2023-04-10,어린이,40,24
2023-04-10,중고생,9,7
2023-04-10,청소년,736,531
2023-04-10,우대권,1778,951
2023-04-10,직원,128,32
2023-04-10,영어 일반,14,19
2023-04-10,일어 일반,2,2
2023-04-10,중국어 일반,9,5
2023-04-10,영어 어린이,0,2
2023-04-10,중국어 어린이,3,5
2023-04-11,일반,17517,10880
2023-04-11,어린이,51,29
2023-04-11,중고생,8,7
2023-04-11,청소년,776,534
2023-04-11,우대권,1518,804
2023-04-11,직원,149,15
2023-04-11,영어 일반,7,3
2023-04-11,일어 일반,4,0
2023-04-11,중국어 일반,4,4
2023-04-11,영어 어린이,3,0
2023-04-12,일반,18122,11414
2023-04-12,어린이,134,30
2023-04-12,중고생,13,10
2023-04-12,청소년,839,592
2023-04-12,우대권,1732,971
2023-04-12,직원,134,24
2023-04-12,영어 일반,9,7
2023-04-12,중국어 일반,8,11
2023-04-12,영어 어린이,5,0
2023-04-12,중국어 어린이,4,6
2023-04-13,일반,18081,11126
2023-04-13,어린이,53,24
2023-04-13,중고생,8,5
2023-04-13,청소년,1031,558
2023-04-13,우대권,1726,928
2023-04-13,직원,124,23
2023-04-13,영어 일반,6,3
2023-04-13,일어 일반,2,0
2023-04-13,중국어 일반,9,2
2023-04-13,영어 어린이,2,0
2023-04-13,중국어 어린이,4,0
2023-04-14,일반,15651,9101
2023-04-14,어린이,75,30
2023-04-14,중고생,6,3
2023-04-14,청소년,743,515
2023-04-14,우대권,1734,923
2023-04-14,직원,157,23
2023-04-14,영어 일반,5,0
2023-04-14,중국어 일반,13,7
2023-04-14,영어 어린이,1,0
2023-04-14,중국어 어린이,0,2
2023-04-15,일반,9740,5732
2023-04-15,어린이,174,101
2023-04-15,중고생,4,4
2023-04-15,청소년,592,384
2023-04-15,우대권,1286,686
2023-04-15,직원,105,23
2023-04-15,영어 일반,4,6
2023-04-15,일어 일반,0,1
2023-04-15,중국어 일반,16,11
2023-04-15,중국어 어린이,1,0
2023-04-16,일반,7666,4718
2023-04-16,어린이,222,123
2023-04-16,중고생,1,1
2023-04-16,청소년,258,152
2023-04-16,우대권,1074,548
2023-04-16,직원,85,13
2023-04-16,영어 일반,2,4
2023-04-16,중국어 일반,1,0
2023-04-16,영어 어린이,2,1
2023-04-17,일반,16736,10372
2023-04-17,어린이,23,5
2023-04-17,중고생,7,4
2023-04-17,청소년,659,467
2023-04-17,우대권,1769,910
2023-04-17,직원,130,14
2023-04-17,영어 일반,6,2
2023-04-17,중국어 일반,0,0
2023-04-17,영어 어린이,3,3
2023-04-17,중국어 어린이,2,2
2023-04-18,일반,17385,10688
2023-04-18,어린이,35,9
2023-04-18,중고생,7,6
2023-04-18,청소년,656,496
2023-04-18,우대권,1500,849
2023-04-18,직원,133,22
2023-04-18,영어 일반,7,3
2023-04-18,중국어 일반,3,1
2023-04-18,영어 어린이,3,0
2023-04-19,일반,17647,10921
2023-04-19,어린이,41,22
2023-04-19,중고생,7,5
2023-04-19,청소년,646,463
2023-04-19,우대권,1826,983
2023-04-19,직원,131,22
2023-04-19,영어 일반,3,3
2023-04-19,중국어 일반,1,0
2023-04-20,일반,17121,10359
2023-04-20,어린이,66,17
2023-04-20,중고생,4,3
2023-04-20,청소년,637,451
2023-04-20,우대권,1721,916
2023-04-20,직원,153,19
2023-04-20,영어 일반,4,0
2023-04-20,중국어 일반,0,1
2023-04-20,영어 어린이,0,1
2023-04-21,일반,15624,9071
2023-04-21,어린이,69,41
2023-04-21,중고생,3,2
2023-04-21,청소년,521,358
2023-04-21,우대권,1770,986
2023-04-21,직원,137,17
2023-04-21,중국어 일반,2,0
2023-04-22,일반,10609,6238
2023-04-22,어린이,395,250
2023-04-22,중고생,2,1
2023-04-22,청소년,319,183
2023-04-22,우대권,1727,877
2023-04-22,직원,82,15
2023-04-22,영어 일반,0,1
2023-04-22,중국어 일반,4,1
2023-04-22,영어 어린이,1,0
2023-04-22,중국어 어린이,3,0
2023-04-23,일반,8062,4822
2023-04-23,어린이,351,184
2023-04-23,중고생,0,1
2023-04-23,청소년,237,148
2023-04-23,우대권,1153,609
2023-04-23,직원,96,14
2023-04-23,영어 일반,5,0
2023-04-23,중국어 일반,1,0
2023-04-23,중국어 어린이,2,0
2023-04-24,일반,16376,10158
2023-04-24,어린이,34,12
2023-04-24,중고생,2,4
2023-04-24,청소년,536,406
2023-04-24,우대권,1752,913
2023-04-24,직원,152,17
2023-04-24,영어 일반,7,2
2023-04-24,일어 일반,1,0
2023-04-24,중국어 일반,2,0
2023-04-24,영어 어린이,3,0
2023-04-25,일반,16572,10130
2023-04-25,어린이,44,17
2023-04-25,중고생,5,5
2023-04-25,청소년,623,452
2023-04-25,우대권,1533,860
2023-04-25,직원,152,12
2023-04-25,영어 일반,4,1
2023-04-26,일반,16902,10425
2023-04-26,어린이,142,73
2023-04-26,중고생,5,4
2023-04-26,청소년,666,462
2023-04-26,우대권,1907,990
2023-04-26,직원,144,22
2023-04-26,영어 일반,0,2
2023-04-26,중국어 일반,1,0
2023-04-27,일반,18431,11315
2023-04-27,어린이,488,132
2023-04-27,중고생,5,5
2023-04-27,청소년,1246,711
2023-04-27,우대권,1835,996
2023-04-27,직원,127,18
2023-04-27,영어 일반,2,5
2023-04-27,중국어 일반,2,0
2023-04-28,일반,16836,9447
2023-04-28,어린이,248,137
2023-04-28,중고생,5,2
2023-04-28,청소년,988,581
2023-04-28,우대권,1777,961
2023-04-28,직원,138,22
2023-04-28,영어 일반,2,3
2023-04-28,중국어 일반,1,3
2023-04-28,중국어 어린이,0,2
2023-04-29,일반,8994,4950
2023-04-29,어린이,120,68
2023-04-29,중고생,1,1
2023-04-29,청소년,333,191
2023-04-29,우대권,1067,590
2023-04-29,직원,83,13
2023-04-29,영어 일반,2,3
2023-04-29,중국어 일반,1,1
2023-04-30,일반,8457,5311
2023-04-30,어린이,356,201
2023-04-30,중고생,3,3
2023-04-30,청소년,331,247
2023-04-30,우대권,1276,697
2023-04-30,직원,101,14
2023-04-30,영어 일반,5,1
2023-04-30,중국어 일반,4,1
2023-04-30,영어 어린이,0,1
2023-05-01,일반,15232,9824
2023-05-01,어린이,780,206
2023-05-01,중고생,7,6
2023-05-01,청소년,1358,610
2023-05-01,우대권,1546,808
2023-05-01,직원,117,19
2023-05-01,영어 일반,2,0
2023-05-01,중국어 일반,8,4
2023-05-02,일반,18112,11328
2023-05-02,어린이,169,101
2023-05-02,중고생,10,11
2023-05-02,청소년,840,636
2023-05-02,우대권,1795,967
2023-05-02,직원,158,17
2023-05-02,영어 일반,1,1
2023-05-02,중국어 일반,3,0
2023-05-03,일반,18271,11549
2023-05-03,어린이,103,20
2023-05-03,중고생,8,8
2023-05-03,청소년,1314,1208
2023-05-03,우대권,1751,906
2023-05-03,직원,135,19
2023-05-03,영어 일반,1,2
2023-05-03,일어 일반,0,1
2023-05-03,중국어 일반,3,3
2023-05-04,일반,19800,11681
2023-05-04,어린이,387,233
2023-05-04,중고생,12,10
2023-05-04,청소년,3081,2113
2023-05-04,우대권,1798,970
2023-05-04,직원,164,36
2023-05-04,영어 일반,2,0
2023-05-04,일어 일반,1,1
2023-05-04,영어 어린이,2,0
2023-05-05,일반,7323,4252
2023-05-05,어린이,119,70
2023-05-05,중고생,1,1
2023-05-05,청소년,275,166
2023-05-05,우대권,854,447
2023-05-05,직원,81,11
2023-05-05,영어 일반,3,5
2023-05-05,일어 일반,2,2
2023-05-05,중국어 일반,2,0
2023-05-06,일반,7430,4021
2023-05-06,어린이,117,75
2023-05-06,중고생,2,0
2023-05-06,청소년,269,155
2023-05-06,우대권,886,486
2023-05-06,직원,79,14
2023-05-06,영어 일반,8,3
2023-05-06,일어 일반,2,0
2023-05-06,영어 어린이,1,0
2023-05-06,중국어 어린이,0,2
2023-05-07,일반,7424,4606
2023-05-07,어린이,285,154
2023-05-07,중고생,5,1
2023-05-07,청소년,384,213
2023-05-07,우대권,1195,630
2023-05-07,직원,71,19
2023-05-07,영어 일반,3,0
2023-05-07,영어 어린이,0,0
2023-05-08,일반,17139,10883
2023-05-08,어린이,61,21
2023-05-08,중고생,7,5
2023-05-08,청소년,936,527
2023-05-08,우대권,1759,894
2023-05-08,직원,181,22
2023-05-08,영어 일반,2,2
2023-05-08,중국어 일반,2,0
2023-05-09,일반,18148,11268
2023-05-09,어린이,171,17
2023-05-09,중고생,7,7
2023-05-09,청소년,765,486
2023-05-09,우대권,1883,954
2023-05-09,직원,156,21
2023-05-09,영어 일반,2,2
2023-05-09,중국어 일반,3,1
2023-05-09,영어 어린이,1,2
2023-05-10,일반,18289,11287
2023-05-10,어린이,38,13
2023-05-10,중고생,8,7
2023-05-10,청소년,1155,690
2023-05-10,우대권,1830,942
2023-05-10,직원,149,24
2023-05-10,영어 일반,3,1
2023-05-10,중국어 일반,8,0
2023-05-11,일반,18590,11502
2023-05-11,어린이,60,25
2023-05-11,중고생,6,7
2023-05-11,청소년,1507,872
2023-05-11,우대권,1727,926
2023-05-11,직원,130,14
2023-05-11,영어 일반,2,0
2023-05-11,일어 일반,2,1
2023-05-11,중국어 일반,1,1
2023-05-11,중국어 어린이,1,1
2023-05-12,일반,17396,9899
2023-05-12,어린이,253,63
2023-05-12,중고생,14,10
2023-05-12,청소년,4179,2306
2023-05-12,우대권,1820,957
2023-05-12,직원,147,23
2023-05-12,영어 일반,0,1
2023-05-13,일반,11470,6325
2023-05-13,어린이,459,242
2023-05-13,중고생,6,2
2023-05-13,청소년,580,321
2023-05-13,우대권,1560,818
2023-05-13,직원,90,17
2023-05-13,영어 일반,3,2
2023-05-13,중국어 일반,1,0
2023-05-13,영어 어린이,1,1
2023-05-13,중국어 어린이,1,0
2023-05-14,일반,10740,6474
2023-05-14,어린이,336,152
2023-05-14,중고생,0,3
2023-05-14,청소년,476,292
2023-05-14,우대권,1342,696
2023-05-14,직원,82,13
2023-05-14,영어 일반,3,1
2023-05-14,일어 일반,1,0
2023-05-14,중국어 일반,2,1
2023-05-15,일반,16193,9881
2023-05-15,어린이,82,15
2023-05-15,중고생,8,4
2023-05-15,청소년,1109,726
2023-05-15,우대권,1652,880
2023-05-15,직원,120,18
2023-05-15,영어 일반,3,1
2023-05-15,중국어 일반,1,1
2023-05-15,영어 어린이,1,1
2023-05-16,일반,20589,12498
2023-05-16,어린이,88,42
2023-05-16,중고생,11,8
2023-05-16,청소년,983,645
2023-05-16,우대권,1765,910
2023-05-16,직원,152,24
2023-05-16,영어 일반,3,0
2023-05-16,중국어 일반,1,0
2023-05-16,중국어 어린이,1,0
2023-05-17,일반,22396,15570
2023-05-17,어린이,99,62
2023-05-17,중고생,15,14
2023-05-17,청소년,1820,1028
2023-05-17,우대권,1706,944
2023-05-17,직원,178,25
2023-05-17,영어 일반,3,2
2023-05-17,중국어 일반,6,3
2023-05-17,영어 어린이,1,1
2023-05-18,일반,18894,11671
2023-05-18,어린이,65,35
2023-05-18,중고생,5,8
2023-05-18,청소년,1349,637
2023-05-18,우대권,1876,974
2023-05-18,직원,144,17
2023-05-18,영어 일반,4,2
2023-05-18,중국어 일반,3,2
2023-05-19,일반,19045,12559
2023-05-19,어린이,406,336
2023-05-19,중고생,11,8
2023-05-19,청소년,2372,1598
2023-05-19,우대권,1756,932
2023-05-19,직원,138,15
2023-05-19,영어 일반,7,4
2023-05-19,중국어 일반,3,0
2023-05-20,일반,12466,6929
2023-05-20,어린이,442,254
2023-05-20,중고생,8,3
2023-05-20,청소년,780,376
2023-05-20,우대권,1544,823
2023-05-20,직원,87,18
2023-05-20,영어 일반,6,1
2023-05-20,중국어 일반,5,0
2023-05-20,영어 어린이,1,1
2023-05-21,일반,7667,4411
2023-05-21,어린이,215,112
2023-05-21,중고생,2,2
2023-05-21,청소년,317,216
2023-05-21,우대권,1073,610
2023-05-21,직원,100,13
2023-05-21,영어 일반,1,2
2023-05-21,중국어 일반,1,0
2023-05-22,일반,17264,10751
2023-05-22,어린이,26,9
2023-05-22,중고생,6,5
2023-05-22,청소년,621,432
2023-05-22,우대권,1851,1004
2023-05-22,직원,131,20
2023-05-22,영어 일반,1,2
2023-05-22,중국어 일반,3,3
2023-05-23,일반,17832,11092
2023-05-23,어린이,97,43
2023-05-23,중고생,7,7
2023-05-23,청소년,860,572
2023-05-23,우대권,1763,918
2023-05-23,직원,133,18
2023-05-23,영어 일반,2,0
2023-05-23,중국어 일반,3,3
2023-05-24,일반,17918,11132
2023-05-24,어린이,53,29
2023-05-24,중고생,12,7
2023-05-24,청소년,798,433
2023-05-24,우대권,1706,866
2023-05-24,직원,153,19
2023-05-24,영어 일반,7,3
2023-05-24,중국어 일반,1,3
2023-05-24,영어 어린이,1,0
2023-05-25,일반,18091,10923
2023-05-25,어린이,34,16
2023-05-25,중고생,3,6
2023-05-25,청소년,844,626
2023-05-25,우대권,1814,975
2023-05-25,직원,140,19
2023-05-25,영어 일반,4,6
2023-05-25,중국어 일반,4,2
2023-05-26,일반,16114,9124
2023-05-26,어린이,80,33
2023-05-26,중고생,9,3
2023-05-26,청소년,774,446
2023-05-26,우대권,1791,962
2023-05-26,직원,135,18
2023-05-26,영어 일반,4,3
2023-05-26,중국어 일반,3,0
2023-05-26,영어 어린이,1,1
2023-05-27,일반,8951,5171
2023-05-27,어린이,145,94
2023-05-27,중고생,1,1
2023-05-27,청소년,333,192
2023-05-27,우대권,1017,589
2023-05-27,직원,102,14
2023-05-27,영어 일반,8,1
2023-05-27,중국어 일반,8,5
2023-05-28,일반,5893,3522
2023-05-28,어린이,53,33
2023-05-28,중고생,0,1
2023-05-28,청소년,205,115
2023-05-28,우대권,811,413
2023-05-28,직원,82,15
2023-05-28,영어 일반,11,3
2023-05-28,중국어 일반,0,0
2023-05-28,영어 어린이,2,1
2023-05-29,일반,8045,4952
2023-05-29,어린이,217,137
2023-05-29,중고생,2,1
2023-05-29,청소년,323,241
2023-05-29,우대권,1164,611
2023-05-29,직원,88,9
2023-05-29,영어 일반,2,3
2023-05-29,일어 일반,2,0
2023-05-29,중국어 일반,5,0
2023-05-29,영어 어린이,2,2
2023-05-29,중국어 어린이,1,0
2023-05-30,일반,17829,11374
2023-05-30,어린이,36,18
2023-05-30,중고생,8,8
2023-05-30,청소년,941,727
2023-05-30,우대권,1779,928
2023-05-30,직원,145,20
2023-05-30,영어 일반,3,1
2023-05-30,중국어 일반,4,0
2023-05-31,일반,17594,11034
2023-05-31,어린이,53,31
2023-05-31,중고생,9,6
2023-05-31,청소년,583,425
2023-05-31,우대권,1738,909
2023-05-31,직원,116,14
2023-05-31,영어 일반,7,4
2023-05-31,중국어 일반,1,0
2023-05-31,영어 어린이,4,1
2023-06-01,일반,18022,10892
2023-06-01,어린이,57,26
2023-06-01,중고생,7,6
2023-06-01,청소년,1378,828
2023-06-01,우대권,1721,897
2023-06-01,직원,138,21
2023-06-01,영어 일반,5,2
2023-06-01,중국어 일반,3,4
2023-06-01,중국어 어린이,1,1
2023-06-02,일반,16074,9323
2023-06-02,어린이,87,63
2023-06-02,중고생,8,6
2023-06-02,청소년,1056,759
2023-06-02,우대권,1811,969
2023-06-02,직원,131,12
2023-06-02,영어 일반,1,1
2023-06-02,중국어 일반,1,0
2023-06-02,영어 어린이,2,3
2023-06-03,일반,10587,5873
2023-06-03,어린이,336,214
2023-06-03,중고생,2,4
2023-06-03,청소년,407,248
2023-06-03,우대권,1393,694
2023-06-03,직원,82,15
2023-06-03,영어 일반,5,0
2023-06-03,일어 일반,1,0
2023-06-03,중국어 일반,5,0
2023-06-03,영어 어린이,2,0
2023-06-03,중국어 어린이,1,0
2023-06-04,일반,9794,5985
2023-06-04,어린이,374,184
2023-06-04,중고생,3,2
2023-06-04,청소년,659,417
2023-06-04,우대권,1227,618
2023-06-04,직원,74,14
2023-06-04,영어 일반,2,5
2023-06-04,중국어 일반,14,6
2023-06-04,영어 어린이,3,2
2023-06-04,중국어 어린이,0,1
2023-06-05,일반,16002,10149
2023-06-05,어린이,295,203
2023-06-05,중고생,4,6
2023-06-05,청소년,642,510
2023-06-05,우대권,1654,919
2023-06-05,직원,149,19
2023-06-05,영어 일반,5,2
2023-06-05,일어 일반,2,1
2023-06-05,중국어 일반,2,1
2023-06-05,일어 어린이,2,0
2023-06-06,일반,8572,4944
2023-06-06,어린이,416,230
2023-06-06,중고생,2,3
2023-06-06,청소년,462,269
2023-06-06,우대권,1303,652
2023-06-06,직원,102,14
2023-06-06,영어 일반,4,5
2023-06-06,일어 일반,2,0
2023-06-06,중국어 일반,5,2
2023-06-06,영어 어린이,0,1
2023-06-07,일반,17425,10968
2023-06-07,어린이,51,34
2023-06-07,중고생,6,7
2023-06-07,청소년,613,446
2023-06-07,우대권,1719,911
2023-06-07,직원,166,23
2023-06-07,영어 일반,4,2
2023-06-07,영어 어린이,3,2
2023-06-08,일반,17815,11036
2023-06-08,어린이,73,50
2023-06-08,중고생,6,8
2023-06-08,청소년,640,457
2023-06-08,우대권,1688,932
2023-06-08,직원,158,27
2023-06-08,영어 일반,3,5
2023-06-08,중국어 일반,2,0
2023-06-08,영어 어린이,0,1
2023-06-09,일반,15613,9040
2023-06-09,어린이,94,60
2023-06-09,중고생,4,5
2023-06-09,청소년,592,457
2023-06-09,우대권,1936,1047
2023-06-09,직원,145,13
2023-06-09,영어 일반,4,1
2023-06-09,중국어 일반,1,3
2023-06-09,영어 어린이,1,0
2023-06-10,일반,10668,6322
2023-06-10,어린이,156,72
2023-06-10,중고생,3,4
2023-06-10,청소년,668,430
2023-06-10,우대권,1269,692
2023-06-10,직원,89,13
2023-06-10,영어 일반,11,3
2023-06-10,중국어 일반,4,0
2023-06-10,영어 어린이,6,2
2023-06-10,중국어 어린이,2,0
2023-06-11,일반,7371,4320
2023-06-11,어린이,148,86
2023-06-11,중고생,2,2
2023-06-11,청소년,418,306
2023-06-11,우대권,1050,541
2023-06-11,직원,88,7
2023-06-11,영어 일반,2,2
2023-06-11,중국어 일반,3,2
2023-06-12,일반,16650,10287
2023-06-12,어린이,41,14
2023-06-12,중고생,7,5
2023-06-12,청소년,517,354
2023-06-12,우대권,1618,854
2023-06-12,직원,135,14
2023-06-12,영어 일반,6,2
2023-06-12,중국어 일반,0,1
2023-06-13,일반,17077,10649
2023-06-13,어린이,71,46
2023-06-13,중고생,6,6
2023-06-13,청소년,580,428
2023-06-13,우대권,1719,915
2023-06-13,직원,132,18
2023-06-13,영어 일반,13,8
2023-06-13,중국어 일반,3,1
2023-06-13,영어 어린이,3,1
2023-06-13,중국어 어린이,0,0
2023-06-14,일반,16591,10300
2023-06-14,어린이,81,30
2023-06-14,중고생,4,4
2023-06-14,청소년,556,353
2023-06-14,우대권,1676,880
2023-06-14,직원,132,16
2023-06-14,영어 일반,2,3
2023-06-14,중국어 일반,0,1
2023-06-14,영어 어린이,1,2
2023-06-14,중국어 어린이,2,0
2023-06-15,일반,16934,10186
2023-06-15,어린이,51,28
2023-06-15,중고생,5,5
2023-06-15,청소년,526,400
2023-06-15,우대권,1924,1027
2023-06-15,직원,135,15
2023-06-15,영어 일반,6,4
2023-06-15,일어 일반,2,2
2023-06-15,중국어 일반,7,2
2023-06-15,영어 어린이,4,2
2023-06-16,일반,15031,8590
2023-06-16,어린이,56,44
2023-06-16,중고생,4,5
2023-06-16,청소년,436,287
2023-06-16,우대권,1693,912
2023-06-16,직원,133,18
2023-06-16,영어 일반,4,4
2023-06-16,중국어 일반,2,3
2023-06-16,영어 어린이,3,4
2023-06-17,일반,10004,5573
2023-06-17,어린이,330,188
2023-06-17,청소년,474,285
2023-06-17,우대권,1372,730
2023-06-17,직원,91,22
2023-06-17,영어 일반,10,10
2023-06-17,일어 일반,1,0
2023-06-17,중국어 일반,5,3
2023-06-17,영어 어린이,0,3
2023-06-18,일반,7018,4128
2023-06-18,어린이,159,115
2023-06-18,중고생,2,0
2023-06-18,청소년,192,103
2023-06-18,우대권,1083,581
2023-06-18,직원,76,11
2023-06-18,영어 일반,1,0
2023-06-18,중국어 일반,2,2
2023-06-18,영어 어린이,0,1
2023-06-19,일반,16176,9946
2023-06-19,어린이,29,19
2023-06-19,중고생,4,5
2023-06-19,청소년,458,335
2023-06-19,우대권,1509,780
2023-06-19,직원,154,14
2023-06-19,영어 일반,2,4
2023-06-19,중국어 일반,1,0
2023-06-19,영어 어린이,0,1
2023-06-20,일반,16603,9981
2023-06-20,어린이,65,40
2023-06-20,중고생,3,5
2023-06-20,청소년,519,375
2023-06-20,우대권,1578,801
2023-06-20,직원,131,21
2023-06-20,영어 일반,5,2
2023-06-20,중국어 일반,3,3
2023-06-20,영어 어린이,4,1
2023-06-21,일반,15671,9642
2023-06-21,어린이,28,19
2023-06-21,중고생,4,5
2023-06-21,청소년,492,394
2023-06-21,우대권,1461,759
2023-06-21,직원,114,27
2023-06-21,영어 일반,2,2
2023-06-21,중국어 일반,1,1
2023-06-22,일반,13896,7480
2023-06-22,어린이,54,31
2023-06-22,중고생,4,3
2023-06-22,청소년,366,227
2023-06-22,우대권,1596,866
2023-06-22,직원,94,15
2023-06-22,영어 일반,3,3
2023-06-22,중국어 일반,4,4
2023-06-22,영어 어린이,3,3
2023-06-22,중국어 어린이,2,4
2023-06-23,일반,14011,7883
2023-06-23,어린이,61,22
2023-06-23,중고생,2,2
2023-06-23,청소년,337,233
2023-06-23,우대권,1666,865
2023-06-23,직원,149,16
2023-06-23,영어 일반,6,3
2023-06-23,중국어 일반,8,4
2023-06-23,영어 어린이,5,2
2023-06-23,중국어 어린이,1,1
2023-06-24,일반,10314,5648
2023-06-24,어린이,216,112
2023-06-24,중고생,1,1
2023-06-24,청소년,276,140
2023-06-24,우대권,1298,671
2023-06-24,직원,88,15
2023-06-24,영어 일반,4,2
2023-06-24,중국어 일반,3,4
2023-06-24,영어 어린이,0,1
2023-06-24,중국어 어린이,2,1
2023-06-25,일반,6849,3882
2023-06-25,어린이,141,69
2023-06-25,중고생,0,0
2023-06-25,청소년,189,103
2023-06-25,우대권,1053,535
2023-06-25,직원,81,14
2023-06-25,영어 일반,4,2
2023-06-25,중국어 일반,2,1
2023-06-25,영어 어린이,1,1
2023-06-25,중국어 어린이,1,1
2023-06-26,일반,11966,6740
2023-06-26,어린이,29,9
2023-06-26,중고생,2,2
2023-06-26,청소년,189,111
2023-06-26,우대권,1430,730
2023-06-26,직원,117,13
2023-06-26,영어 일반,0,3
2023-06-26,중국어 일반,2,0
2023-06-26,영어 어린이,0,1
2023-06-27,일반,12796,7177
2023-06-27,어린이,76,51
2023-06-27,중고생,2,1
2023-06-27,청소년,238,148
2023-06-27,우대권,1732,901
2023-06-27,직원,121,10
2023-06-27,영어 일반,6,5
2023-06-27,중국어 일반,1,1
2023-06-27,영어 어린이,3,3
2023-06-28,일반,13198,7384
2023-06-28,어린이,51,19
2023-06-28,중고생,2,2
2023-06-28,청소년,215,132
2023-06-28,우대권,1761,963
2023-06-28,직원,127,22
2023-06-28,영어 일반,2,2
2023-06-28,중국어 일반,0,1
2023-06-28,영어 어린이,2,1
2023-06-28,중국어 어린이,0,1
2023-06-29,일반,11494,6387
2023-06-29,어린이,29,16
2023-06-29,중고생,2,2
2023-06-29,청소년,197,130
2023-06-29,우대권,1265,692
2023-06-29,직원,143,18
2023-06-29,영어 일반,3,3
2023-06-29,중국어 일반,1,0
2023-06-30,일반,12620,6914
2023-06-30,어린이,49,24
2023-06-30,중고생,4,3
2023-06-30,청소년,268,121
2023-06-30,우대권,1621,870
2023-06-30,직원,141,19
2023-06-30,영어 일반,2,1
2023-06-30,중국어 일반,4,0
2023-06-30,영어 어린이,1,0
2023-07-01,일반,9028,5239
2023-07-01,어린이,146,93
2023-07-01,중고생,1,0
2023-07-01,청소년,276,178
2023-07-01,우대권,1227,598
2023-07-01,직원,85,12
2023-07-01,영어 일반,6,0
2023-07-01,중국어 일반,2,1
2023-07-01,영어 어린이,7,1
2023-07-02,일반,6595,3703
2023-07-02,어린이,120,85
2023-07-02,청소년,207,120
2023-07-02,우대권,1018,538
2023-07-02,직원,86,13
2023-07-02,영어 일반,5,4
2023-07-02,중국어 일반,1,0
2023-07-02,영어 어린이,2,0
2023-07-03,일반,12117,6654
2023-07-03,어린이,36,17
2023-07-03,중고생,2,1
2023-07-03,청소년,214,137
2023-07-03,우대권,1545,781
2023-07-03,직원,138,17
2023-07-03,영어 일반,9,1
2023-07-03,중국어 일반,1,1
2023-07-04,일반,12218,6988
2023-07-04,어린이,41,25
2023-07-04,중고생,3,2
2023-07-04,청소년,265,182
2023-07-04,우대권,1444,781
2023-07-04,직원,138,19
2023-07-04,영어 일반,3,2
2023-07-04,중국어 일반,1,1
2023-07-04,영어 어린이,2,1
2023-07-04,중국어 어린이,1,0
2023-07-05,일반,12624,6982
2023-07-05,어린이,75,27
2023-07-05,중고생,2,2
2023-07-05,청소년,374,238
2023-07-05,우대권,1638,866
2023-07-05,직원,171,19
2023-07-05,영어 일반,2,1
2023-07-05,중국어 일반,4,2
2023-07-05,영어 어린이,1,0
2023-07-05,중국어 어린이,1,1
2023-07-06,일반,13519,7715
2023-07-06,어린이,75,20
2023-07-06,중고생,2,2
2023-07-06,청소년,305,178
2023-07-06,우대권,1655,912
2023-07-06,직원,128,12
2023-07-06,영어 일반,5,0
2023-07-06,중국어 일반,3,5
2023-07-06,영어 어린이,3,0
2023-07-06,중국어 어린이,1,1
2023-07-07,일반,13372,7479
2023-07-07,어린이,59,53
2023-07-07,중고생,3,3
2023-07-07,청소년,402,238
2023-07-07,우대권,1951,1092
2023-07-07,직원,151,22
2023-07-07,영어 일반,3,0
2023-07-07,중국어 일반,2,0
2023-07-07,영어 어린이,3,0
2023-07-08,일반,8236,4542
2023-07-08,어린이,207,131
2023-07-08,중고생,3,1
2023-07-08,청소년,306,170
2023-07-08,우대권,1262,645
2023-07-08,직원,108,16
2023-07-08,영어 일반,6,2
2023-07-08,중국어 일반,7,1
2023-07-08,영어 어린이,3,2
2023-07-08,중국어 어린이,0,1
2023-07-09,일반,5926,3378
2023-07-09,어린이,71,35
2023-07-09,중고생,0,0
2023-07-09,청소년,249,125
2023-07-09,우대권,911,474
2023-07-09,직원,77,10
2023-07-09,영어 일반,6,4
2023-07-09,중국어 일반,5,3
2023-07-09,영어 어린이,2,2
2023-07-10,일반,11858,6478
2023-07-10,어린이,31,19
2023-07-10,중고생,1,2
2023-07-10,청소년,253,154
2023-07-10,우대권,1519,752
2023-07-10,직원,153,14
2023-07-10,영어 일반,6,2
2023-07-10,중국어 일반,2,0
2023-07-10,영어 어린이,1,0
2023-07-11,일반,12256,6752
2023-07-11,어린이,31,14
2023-07-11,중고생,3,2
2023-07-11,청소년,340,236
2023-07-11,우대권,1360,731
2023-07-11,직원,125,23
2023-07-11,영어 일반,7,1
2023-07-11,중국어 일반,5,3
2023-07-11,중국어 어린이,1,1
2023-07-12,일반,12205,6735
2023-07-12,어린이,59,46
2023-07-12,중고생,2,2
2023-07-12,청소년,300,172
2023-07-12,우대권,1591,823
2023-07-12,직원,137,24
2023-07-12,영어 일반,3,0
2023-07-12,중국어 일반,2,2
2023-07-12,영어 어린이,0,1
2023-07-12,중국어 어린이,1,1
2023-07-13,일반,12356,7006
2023-07-13,어린이,60,50
2023-07-13,중고생,4,2
2023-07-13,청소년,435,245
2023-07-13,우대권,1416,759
2023-07-13,직원,144,20
2023-07-13,영어 일반,1,4
2023-07-13,일어 일반,1,0
2023-07-13,중국어 일반,2,3
2023-07-13,중국어 어린이,0,2
2023-07-14,일반,11900,6499
2023-07-14,어린이,33,26
2023-07-14,청소년,372,267
2023-07-14,우대권,1426,758
2023-07-14,직원,122,13
2023-07-14,영어 일반,4,1
2023-07-14,중국어 일반,6,0
2023-07-14,중국어 어린이,2,0
2023-07-15,일반,8145,4510
2023-07-15,어린이,106,76
2023-07-15,중고생,2,1
2023-07-15,청소년,313,233
2023-07-15,우대권,1064,542
2023-07-15,직원,80,15
2023-07-15,영어 일반,6,8
2023-07-15,일어 일반,1,0
2023-07-15,중국어 일반,7,1
2023-07-15,영어 어린이,3,2
2023-07-15,중국어 어린이,2,1
2023-07-16,일반,6066,3431
2023-07-16,어린이,98,59
2023-07-16,중고생,2,1
2023-07-16,청소년,236,115
2023-07-16,우대권,892,501
2023-07-16,직원,101,11
2023-07-16,영어 일반,3,6
2023-07-16,중국어 일반,7,2
2023-07-16,영어 어린이,1,2
2023-07-16,중국어 어린이,1,1
2023-07-17,일반,11408,6349
2023-07-17,어린이,36,23
2023-07-17,청소년,216,112
2023-07-17,우대권,1520,768
2023-07-17,직원,151,20
2023-07-17,영어 일반,2,2
2023-07-17,중국어 일반,11,15
2023-07-17,영어 어린이,1,1
2023-07-17,중국어 어린이,5,11
2023-07-18,일반,11827,6675
2023-07-18,어린이,57,38
2023-07-18,중고생,2,1
2023-07-18,청소년,268,129
2023-07-18,우대권,1458,790
2023-07-18,직원,131,16
2023-07-18,중국어 일반,6,4
2023-07-18,영어 어린이,0,1
2023-07-18,중국어 어린이,3,3
2023-07-19,일반,12367,6741
2023-07-19,어린이,64,37
2023-07-19,중고생,1,1
2023-07-19,청소년,415,257
2023-07-19,우대권,1600,780
2023-07-19,직원,145,27
2023-07-19,중국어 일반,8,8
2023-07-19,영어 어린이,1,0
2023-07-19,중국어 어린이,2,3
2023-07-20,일반,12409,6834
2023-07-20,어린이,45,27
2023-07-20,중고생,1,0
2023-07-20,청소년,269,163
2023-07-20,우대권,1666,864
2023-07-20,직원,118,17
2023-07-20,영어 일반,6,4
2023-07-20,중국어 일반,2,0
2023-07-20,영어 어린이,5,3
2023-07-21,일반,12574,6853
2023-07-21,어린이,71,46
2023-07-21,중고생,1,1
2023-07-21,청소년,363,229
2023-07-21,우대권,1525,801
2023-07-21,직원,135,19
2023-07-21,영어 일반,2,0
2023-07-21,중국어 일반,10,5
2023-07-21,중국어 어린이,6,1
2023-07-22,일반,7980,4439
2023-07-22,어린이,149,92
2023-07-22,중고생,1,3
2023-07-22,청소년,337,193
2023-07-22,우대권,1140,614
2023-07-22,직원,82,7
2023-07-22,영어 일반,8,6
2023-07-22,일어 일반,1,0
2023-07-22,중국어 일반,1,2
2023-07-22,영어 어린이,4,2
2023-07-22,중국어 어린이,0,2
2023-07-23,일반,5524,3283
2023-07-23,어린이,53,30
2023-07-23,청소년,178,79
2023-07-23,우대권,761,392
2023-07-23,직원,66,17
2023-07-23,영어 일반,2,0
2023-07-23,중국어 일반,4,1
2023-07-23,영어 어린이,2,0
2023-07-24,일반,11340,6276
2023-07-24,어린이,49,40
2023-07-24,중고생,1,0
2023-07-24,청소년,196,126
2023-07-24,우대권,1489,796
2023-07-24,직원,124,18
2023-07-24,영어 일반,7,7
2023-07-24,일어 일반,1,0
2023-07-24,중국어 일반,4,0
2023-07-24,영어 어린이,3,2
2023-07-24,중국어 어린이,4,4
2023-07-25,일반,12040,6610
2023-07-25,어린이,81,57
2023-07-25,중고생,0,0
2023-07-25,청소년,553,358
2023-07-25,우대권,1520,807
2023-07-25,직원,140,20
2023-07-25,영어 일반,0,2
2023-07-25,일어 일반,2,0
2023-07-25,중국어 일반,1,0
2023-07-25,영어 어린이,1,0
2023-07-25,중국어 어린이,5,4
2023-07-26,일반,11726,6490
2023-07-26,어린이,109,64
2023-07-26,중고생,1,0
2023-07-26,청소년,276,163
2023-07-26,우대권,1507,778
2023-07-26,직원,135,18
2023-07-26,영어 일반,4,2
2023-07-26,중국어 일반,4,1
2023-07-26,중국어 어린이,1,0
2023-07-27,일반,12011,6658
2023-07-27,어린이,120,75
2023-07-27,청소년,278,167
2023-07-27,우대권,1499,797
2023-07-27,직원,168,26
2023-07-27,영어 일반,5,1
2023-07-27,중국어 일반,8,7
2023-07-27,영어 어린이,1,2
2023-07-27,중국어 어린이,1,2
2023-07-28,일반,12198,6828
2023-07-28,어린이,103,69
2023-07-28,중고생,0,1
2023-07-28,청소년,281,172
2023-07-28,우대권,1426,746
2023-07-28,직원,126,16
2023-07-28,영어 일반,7,6
2023-07-28,일어 일반,1,0
2023-07-28,중국어 일반,3,4
2023-07-28,영어 어린이,2,1
2023-07-28,중국어 어린이,2,4
2023-07-29,일반,7692,4080
2023-07-29,어린이,156,102
2023-07-29,중고생,1,0
2023-07-29,청소년,249,131
2023-07-29,우대권,1015,529
2023-07-29,직원,94,10
2023-07-29,영어 일반,6,0
2023-07-29,일어 일반,3,0
2023-07-29,중국어 일반,4,1
2023-07-29,중국어 어린이,5,4
2023-07-30,일반,5830,3413
2023-07-30,어린이,95,47
2023-07-30,청소년,188,109
2023-07-30,우대권,857,466
2023-07-30,직원,77,12
2023-07-30,영어 일반,3,2
2023-07-30,중국어 일반,2,2
2023-07-30,중국어 어린이,2,2
2023-07-31,일반,10916,6068
2023-07-31,어린이,68,47
2023-07-31,중고생,1,0
2023-07-31,청소년,250,130
2023-07-31,우대권,1285,632
2023-07-31,직원,129,22
2023-07-31,영어 일반,4,1
2023-07-31,중국어 일반,4,5
2023-07-31,영어 어린이,1,0
2023-07-31,중국어 어린이,1,1
2023-08-01,일반,11460,6279
2023-08-01,어린이,143,75
2023-08-01,중고생,2,2
2023-08-01,청소년,312,180
2023-08-01,우대권,1318,664
2023-08-01,직원,108,15
2023-08-01,영어 일반,1,1
2023-08-01,중국어 일반,4,0
2023-08-01,영어 어린이,0,5
2023-08-01,중국어 어린이,1,0
2023-08-02,일반,11254,6358
2023-08-02,어린이,79,62
2023-08-02,중고생,1,0
2023-08-02,청소년,288,174
2023-08-02,우대권,1317,684
2023-08-02,직원,126,11
2023-08-02,영어 일반,5,3
2023-08-02,일어 일반,4,0
2023-08-02,중국어 일반,7,2
2023-08-02,영어 어린이,3,4
2023-08-02,일어 어린이,3,0
2023-08-02,중국어 어린이,1,0
2023-08-03,일반,11425,6293
2023-08-03,어린이,100,62
2023-08-03,중고생,1,2
2023-08-03,청소년,238,137
2023-08-03,우대권,1354,708
2023-08-03,직원,107,10
2023-08-03,영어 일반,3,3
2023-08-03,중국어 일반,10,5
2023-08-03,영어 어린이,8,8
2023-08-03,중국어 어린이,3,1
2023-08-04,일반,11364,6241
2023-08-04,어린이,102,66
2023-08-04,중고생,0,0
2023-08-04,청소년,266,155
2023-08-04,우대권,1312,660
2023-08-04,직원,103,23
2023-08-04,영어 일반,1,2
2023-08-04,중국어 일반,2,1
2023-08-05,일반,7438,4235
2023-08-05,어린이,121,58
2023-08-05,중고생,1,1
2023-08-05,청소년,233,121
2023-08-05,우대권,957,451
2023-08-05,직원,69,15
2023-08-05,중국어 일반,1,0
2023-08-06,일반,5458,3213
2023-08-06,어린이,74,42
2023-08-06,청소년,206,104
2023-08-06,우대권,850,442
2023-08-06,직원,87,11
2023-08-06,영어 일반,5,2
2023-08-06,일어 일반,5,0
2023-08-06,중국어 일반,6,5
2023-08-06,영어 어린이,4,0
2023-08-06,중국어 어린이,3,3
2023-08-07,일반,10814,5998
2023-08-07,어린이,46,25
2023-08-07,중고생,0,0
2023-08-07,청소년,222,120
2023-08-07,우대권,1312,721
2023-08-07,직원,112,11
2023-08-07,영어 일반,4,4
2023-08-07,중국어 일반,1,5
2023-08-07,영어 어린이,1,0
2023-08-07,중국어 어린이,0,3
2023-08-08,일반,11356,6251
2023-08-08,어린이,88,57
2023-08-08,청소년,226,162
2023-08-08,우대권,1448,733
2023-08-08,직원,136,16
2023-08-08,영어 일반,6,2
2023-08-08,중국어 일반,8,10
2023-08-08,영어 어린이,5,0
2023-08-08,중국어 어린이,2,5
2023-08-09,일반,11394,6287
2023-08-09,어린이,84,55
2023-08-09,중고생,1,0
2023-08-09,청소년,256,146
2023-08-09,우대권,1490,778
2023-08-09,직원,172,19
2023-08-09,영어 일반,9,0
2023-08-09,중국어 일반,9,18
2023-08-09,일어 어린이,0,0
2023-08-09,중국어 어린이,0,2
2023-08-10,일반,9494,5269
2023-08-10,어린이,35,13
2023-08-10,중고생,1,1
2023-08-10,청소년,173,90
2023-08-10,우대권,1100,598
2023-08-10,직원,109,19
2023-08-10,영어 일반,0,2
2023-08-10,중국어 일반,13,12
2023-08-10,영어 어린이,1,1
2023-08-11,일반,11304,6028
2023-08-11,어린이,51,30
2023-08-11,중고생,1,0
2023-08-11,청소년,295,160
2023-08-11,우대권,1273,692
2023-08-11,직원,141,17
2023-08-11,일어 일반,0,0
2023-08-11,중국어 일반,3,5
2023-08-11,일어 어린이,0,0
2023-08-11,중국어 어린이,3,3
2023-08-12,일반,8226,4595
2023-08-12,어린이,131,79
2023-08-12,중고생,1,1
2023-08-12,청소년,635,373
2023-08-12,우대권,1098,581
2023-08-12,직원,85,13
2023-08-12,영어 일반,3,3
2023-08-12,일어 일반,0,1
2023-08-12,중국어 일반,10,5
2023-08-12,영어 어린이,0,2
2023-08-12,일어 어린이,0,1
2023-08-12,중국어 어린이,3,4
2023-08-13,일반,6126,3546
2023-08-13,어린이,181,111
2023-08-13,중고생,1,1
2023-08-13,청소년,279,143
2023-08-13,우대권,966,562
2023-08-13,직원,82,12
2023-08-13,일어 일반,0,2
2023-08-13,중국어 일반,8,7
2023-08-13,일어 어린이,0,2
2023-08-13,중국어 어린이,3,6
2023-08-14,일반,9997,5494
2023-08-14,어린이,67,51
2023-08-14,중고생,1,1
2023-08-14,청소년,235,140
2023-08-14,우대권,1407,732
2023-08-14,직원,113,21
2023-08-14,영어 일반,10,6
2023-08-14,일어 일반,2,0
2023-08-14,중국어 일반,4,1
2023-08-14,영어 어린이,3,2
2023-08-14,중국어 어린이,2,0
2023-08-15,일반,6296,3484
2023-08-15,어린이,137,96
2023-08-15,청소년,240,136
2023-08-15,우대권,926,462
2023-08-15,직원,76,6
2023-08-15,영어 일반,8,1
2023-08-15,중국어 일반,0,2
2023-08-15,영어 어린이,1,0
2023-08-15,중국어 어린이,1,2
2023-08-16,일반,11366,6181
2023-08-16,어린이,109,57
2023-08-16,청소년,215,113
2023-08-16,우대권,1573,827
2023-08-16,직원,123,24
2023-08-16,영어 일반,10,12
2023-08-16,중국어 일반,2,0
2023-08-16,영어 어린이,2,3
2023-08-16,중국어 어린이,1,0
2023-08-17,일반,11697,6615
2023-08-17,어린이,103,80
2023-08-17,중고생,1,0
2023-08-17,청소년,194,118
2023-08-17,우대권,1488,800
2023-08-17,직원,140,16
2023-08-17,영어 일반,6,1
2023-08-17,중국어 일반,5,2
2023-08-17,영어 어린이,3,2
2023-08-17,중국어 어린이,2,2
2023-08-18,일반,13426,7667
2023-08-18,어린이,110,55
2023-08-18,청소년,301,145
2023-08-18,우대권,1544,863
2023-08-18,직원,114,23
2023-08-18,영어 일반,5,2
2023-08-18,일어 일반,0,1
2023-08-18,중국어 일반,2,2
2023-08-18,일어 어린이,0,1
2023-08-19,일반,8005,4456
2023-08-19,어린이,186,105
2023-08-19,중고생,2,0
2023-08-19,청소년,297,185
2023-08-19,우대권,1108,564
2023-08-19,직원,76,17
2023-08-19,영어 일반,0,2
2023-08-19,중국어 일반,3,0
2023-08-19,중국어 어린이,2,3
2023-08-20,일반,6242,3532
2023-08-20,어린이,118,77
2023-08-20,중고생,2,0
2023-08-20,청소년,238,127
2023-08-20,우대권,988,486
2023-08-20,직원,89,22
2023-08-20,영어 일반,2,0
2023-08-20,일어 일반,1,1
2023-08-20,중국어 일반,5,1
2023-08-20,영어 어린이,2,1
2023-08-20,중국어 어린이,1,1
2023-08-21,일반,10981,5994
2023-08-21,어린이,39,19
2023-08-21,청소년,165,90
2023-08-21,우대권,1545,814
2023-08-21,직원,123,23
2023-08-21,중국어 일반,4,6
2023-08-21,중국어 어린이,2,0
2023-08-22,일반,11467,6637
2023-08-22,어린이,56,41
2023-08-22,중고생,1,2
2023-08-22,청소년,221,140
2023-08-22,우대권,1500,811
2023-08-22,직원,157,18
2023-08-22,영어 일반,9,1
2023-08-22,중국어 일반,9,3
2023-08-22,영어 어린이,1,0
2023-08-22,중국어 어린이,5,2
2023-08-23,일반,11064,6241
2023-08-23,어린이,35,17
2023-08-23,중고생,1,0
2023-08-23,청소년,186,111
2023-08-23,우대권,1368,728
2023-08-23,직원,142,20
2023-08-23,영어 일반,3,4
2023-08-23,중국어 일반,1,1
2023-08-23,영어 어린이,0,0
2023-08-24,일반,11779,6409
2023-08-24,어린이,58,18
2023-08-24,중고생,2,0
2023-08-24,청소년,225,120
2023-08-24,우대권,1575,828
2023-08-24,직원,124,28
2023-08-24,영어 일반,4,5
2023-08-24,중국어 일반,7,2
2023-08-25,일반,12183,6711
2023-08-25,어린이,61,36
2023-08-25,청소년,239,148
2023-08-25,우대권,1556,822
2023-08-25,직원,138,22
2023-08-25,영어 일반,3,1
2023-08-25,중국어 일반,6,6
2023-08-25,영어 어린이,1,0
2023-08-25,중국어 어린이,4,2
2023-08-26,일반,10096,5773
2023-08-26,어린이,241,180
2023-08-26,중고생,1,1
2023-08-26,청소년,350,237
2023-08-26,우대권,1595,875
2023-08-26,직원,80,24
2023-08-26,영어 일반,8,7
2023-08-26,중국어 일반,22,19
2023-08-26,영어 어린이,1,0
2023-08-26,중국어 어린이,12,9
2023-08-27,일반,6711,3930
2023-08-27,어린이,177,99
2023-08-27,중고생,3,1
2023-08-27,청소년,207,117
2023-08-27,우대권,1027,565
2023-08-27,직원,94,12
2023-08-27,영어 일반,2,3
2023-08-27,중국어 일반,7,6
2023-08-27,영어 어린이,1,0
2023-08-28,일반,12676,7408
2023-08-28,어린이,18,10
2023-08-28,중고생,1,1
2023-08-28,청소년,251,142
2023-08-28,우대권,1526,818
2023-08-28,직원,99,25
2023-08-28,영어 일반,3,1
2023-08-28,일어 일반,5,2
2023-08-28,중국어 일반,5,2
2023-08-28,영어 어린이,2,0
2023-08-28,일어 어린이,2,1
2023-08-28,중국어 어린이,0,0
2023-08-29,일반,12857,7627
2023-08-29,어린이,29,12
2023-08-29,중고생,1,1
2023-08-29,청소년,221,169
2023-08-29,우대권,1402,738
2023-08-29,직원,123,24
2023-08-29,영어 일반,3,3
2023-08-29,중국어 일반,8,0
2023-08-30,일반,13326,7902
2023-08-30,어린이,31,16
2023-08-30,중고생,1,3
2023-08-30,청소년,417,245
2023-08-30,우대권,1570,875
2023-08-30,직원,121,28
2023-08-30,영어 일반,2,2
2023-08-30,일어 일반,2,0
2023-08-30,중국어 일반,10,2
2023-08-30,중국어 어린이,2,1
2023-08-31,일반,13335,7758
2023-08-31,어린이,28,20
2023-08-31,중고생,3,3
2023-08-31,청소년,251,159
2023-08-31,우대권,1657,849
2023-08-31,직원,116,31
2023-08-31,영어 일반,3,1
2023-08-31,중국어 일반,9,10
2023-08-31,중국어 어린이,1,1
2023-09-01,일반,16277,9595
2023-09-01,어린이,45,31
2023-09-01,중고생,4,4
2023-09-01,청소년,543,367
2023-09-01,경로,1378,763
2023-09-01,장애인,317,150
2023-09-01,국가유공자,18,6
2023-09-01,직원,136,27
2023-09-01,외국인 경로,3,2
2023-09-01,중국어 일반,0,1
2023-09-01,영어 일반,4,1
2023-09-01,중국어 일반,9,1
2023-09-01,영어 어린이,1,0
2023-09-01,중국어 어린이,1,0
2023-09-02,일반,12118,7454
2023-09-02,어린이,301,171
2023-09-02,청소년,314,207
2023-09-02,경로,1080,557
2023-09-02,장애인,246,124
2023-09-02,국가유공자,12,8
2023-09-02,직원,78,18
2023-09-02,외국인 경로,6,1
2023-09-02,중국어 일반,3,5
2023-09-02,영어 일반,7,1
2023-09-02,일어 일반,1,1
2023-09-02,중국어 일반,6,3
2023-09-02,영어 어린이,0,1
2023-09-03,일반,7203,4437
2023-09-03,어린이,151,94
2023-09-03,중고생,0,1
2023-09-03,청소년,263,156
2023-09-03,경로,862,426
2023-09-03,장애인,177,91
2023-09-03,국가유공자,11,6
2023-09-03,직원,89,15
2023-09-03,외국인 경로,5,1
2023-09-03,중국어 일반,3,3
2023-09-03,영어 일반,5,4
2023-09-03,중국어 일반,12,4
2023-09-03,영어 어린이,1,1
2023-09-03,중국어 어린이,1,1
2023-09-04,일반,16874,10710
2023-09-04,어린이,98,31
2023-09-04,중고생,2,4
2023-09-04,청소년,415,285
2023-09-04,경로,1335,695
2023-09-04,장애인,299,149
2023-09-04,국가유공자,14,9
2023-09-04,직원,135,20
2023-09-04,외국인 경로,3,2
2023-09-04,중국어 일반,1,1
2023-09-04,영어 일반,2,1
2023-09-04,중국어 일반,7,4
2023-09-04,영어 어린이,1,1
2023-09-05,일반,17933,11095
2023-09-05,어린이,33,18
2023-09-05,중고생,2,6
2023-09-05,청소년,422,291
2023-09-05,경로,1285,669
2023-09-05,장애인,312,165
2023-09-05,국가유공자,19,8
2023-09-05,직원,144,32
2023-09-05,외국인 경로,3,1
2023-09-05,중국어 일반,1,2
2023-09-05,영어 일반,3,6
2023-09-05,일어 일반,0,1
2023-09-05,중국어 일반,6,3
2023-09-05,영어 어린이,1,2
2023-09-06,일반,17726,11262
2023-09-06,어린이,27,18
2023-09-06,중고생,4,5
2023-09-06,청소년,535,292
2023-09-06,경로,1370,733
2023-09-06,장애인,329,173
2023-09-06,국가유공자,18,8
2023-09-06,직원,123,17
2023-09-06,외국인 경로,1,1
2023-09-06,중국어 일반,1,2
2023-09-06,영어 일반,7,7
2023-09-06,일어 일반,1,2
2023-09-06,중국어 일반,4,2
2023-09-06,영어 어린이,3,3
2023-09-07,일반,18090,11071
2023-09-07,어린이,31,23
2023-09-07,중고생,4,4
2023-09-07,청소년,414,308
2023-09-07,경로,1415,771
2023-09-07,장애인,325,186
2023-09-07,국가유공자,18,7
2023-09-07,직원,144,20
2023-09-07,외국인 경로,2,3
2023-09-07,중국어 일반,1,10
2023-09-07,영어 일반,4,1
2023-09-07,중국어 일반,5,1
2023-09-07,중국어 어린이,1,0
2023-09-08,일반,16715,9757
2023-09-08,어린이,54,27
2023-09-08,중고생,6,3
2023-09-08,청소년,409,266
2023-09-08,경로,1376,772
2023-09-08,장애인,319,162
2023-09-08,국가유공자,18,10
2023-09-08,직원,129,21
2023-09-08,외국인 경로,2,1
2023-09-08,중국어 일반,2,3
2023-09-08,영어 일반,5,5
2023-09-08,중국어 일반,4,0
2023-09-09,일반,10912,6113
2023-09-09,어린이,269,161
2023-09-09,중고생,1,0
2023-09-09,청소년,360,194
2023-09-09,경로,1081,572
2023-09-09,장애인,226,124
2023-09-09,국가유공자,15,6
2023-09-09,직원,76,15
2023-09-09,외국인 경로,3,2
2023-09-09,중국어 일반,3,6
2023-09-09,영어 일반,6,2
2023-09-09,일어 일반,2,0
2023-09-09,중국어 일반,3,1
2023-09-09,영어 어린이,2,1
2023-09-09,일어 어린이,1,0
2023-09-09,중국어 어린이,2,2
2023-09-10,일반,8136,4893
2023-09-10,어린이,196,101
2023-09-10,청소년,304,157
2023-09-10,경로,888,497
2023-09-10,장애인,147,79
2023-09-10,국가유공자,7,4
2023-09-10,직원,96,16
2023-09-10,외국인 경로,5,1
2023-09-10,중국어 일반,2,5
2023-09-10,영어 일반,6,7
2023-09-10,중국어 일반,3,1
2023-09-10,영어 어린이,0,1
2023-09-10,중국어 어린이,1,0
2023-09-11,일반,17078,10678
2023-09-11,어린이,31,24
2023-09-11,중고생,2,2
2023-09-11,청소년,376,267
2023-09-11,경로,1303,626
2023-09-11,장애인,302,160
2023-09-11,국가유공자,21,7
2023-09-11,직원,126,17
2023-09-11,외국인 경로,3,2
2023-09-11,중국어 일반,0,2
2023-09-11,영어 일반,2,1
2023-09-11,중국어 일반,4,0
2023-09-12,일반,17993,11197
2023-09-12,어린이,26,16
2023-09-12,중고생,5,5
2023-09-12,청소년,587,421
2023-09-12,경로,1303,711
2023-09-12,장애인,365,189
2023-09-12,국가유공자,17,10
2023-09-12,직원,137,22
2023-09-12,외국인 경로,2,2
2023-09-12,중국어 일반,0,1
2023-09-12,영어 일반,5,2
2023-09-12,중국어 일반,1,0
2023-09-13,일반,18144,11408
2023-09-13,어린이,44,16
2023-09-13,중고생,4,4
2023-09-13,청소년,603,439
2023-09-13,경로,1294,666
2023-09-13,장애인,321,177
2023-09-13,국가유공자,20,10
2023-09-13,직원,148,25
2023-09-13,외국인 경로,5,2
2023-09-13,중국어 일반,2,2
2023-09-13,영어 일반,7,3
2023-09-13,중국어 일반,5,0
2023-09-13,영어 어린이,1,2
2023-09-14,일반,17830,10993
2023-09-14,어린이,28,12
2023-09-14,중고생,5,4
2023-09-14,청소년,490,288
2023-09-14,경로,1404,737
2023-09-14,장애인,328,176
2023-09-14,국가유공자,20,9
2023-09-14,직원,132,15
2023-09-14,외국인 경로,4,4
2023-09-14,중국어 일반,1,0
2023-09-14,영어 일반,8,5
2023-09-14,중국어 일반,1,1
2023-09-15,일반,16247,9195
2023-09-15,어린이,48,21
2023-09-15,중고생,3,4
2023-09-15,청소년,572,332
2023-09-15,경로,1291,723
2023-09-15,장애인,262,135
2023-09-15,국가유공자,15,3
2023-09-15,직원,110,15
2023-09-15,외국인 경로,4,3
2023-09-15,중국어 일반,1,0
2023-09-15,영어 일반,5,2
2023-09-15,중국어 일반,7,1
2023-09-16,일반,9812,5575
2023-09-16,어린이,179,130
2023-09-16,청소년,211,140
2023-09-16,경로,1062,526
2023-09-16,장애인,270,123
2023-09-16,국가유공자,15,10
2023-09-16,직원,92,17
2023-09-16,외국인 경로,5,2
2023-09-16,중국어 일반,4,5
2023-09-16,영어 일반,7,3
2023-09-16,중국어 일반,2,1
2023-09-16,영어 어린이,3,1
2023-09-17,일반,6912,3958
2023-09-17,어린이,130,68
2023-09-17,중고생,2,1
2023-09-17,청소년,196,103
2023-09-17,경로,871,463
2023-09-17,장애인,169,108
2023-09-17,국가유공자,14,4
2023-09-17,직원,93,13
2023-09-17,외국인 경로,3,0
2023-09-17,중국어 일반,3,9
2023-09-17,영어 일반,3,0
2023-09-17,일어 일반,3,1
2023-09-17,중국어 일반,2,2
2023-09-17,영어 어린이,2,1
2023-09-18,일반,17166,10895
2023-09-18,어린이,26,16
2023-09-18,중고생,2,2
2023-09-18,청소년,383,270
2023-09-18,경로,1290,706
2023-09-18,장애인,321,177
2023-09-18,국가유공자,21,11
2023-09-18,직원,117,17
2023-09-18,외국인 경로,3,2
2023-09-18,중국어 일반,2,1
2023-09-18,영어 일반,4,2
2023-09-18,중국어 일반,4,1
2023-09-19,일반,17950,11075
2023-09-19,어린이,31,16
2023-09-19,중고생,2,3
2023-09-19,청소년,415,275
2023-09-19,경로,1301,646
2023-09-19,장애인,336,181
2023-09-19,국가유공자,19,7
2023-09-19,직원,133,26
2023-09-19,외국인 경로,6,4
2023-09-19,중국어 일반,0,1
2023-09-19,영어 일반,5,3
2023-09-19,중국어 일반,9,2
2023-09-20,일반,18123,11304
2023-09-20,어린이,22,16
2023-09-20,중고생,5,6
2023-09-20,청소년,470,354
2023-09-20,경로,1175,633
2023-09-20,장애인,287,145
2023-09-20,국가유공자,20,7
2023-09-20,직원,113,24
2023-09-20,외국인 경로,3,2
2023-09-20,중국어 일반,0,2
2023-09-20,영어 일반,2,0
2023-09-20,중국어 일반,12,2
2023-09-21,일반,18005,11337
2023-09-21,어린이,32,13
2023-09-21,중고생,4,5
2023-09-21,청소년,450,295
2023-09-21,경로,1363,726
2023-09-21,장애인,329,168
2023-09-21,국가유공자,21,10
2023-09-21,직원,131,22
2023-09-21,외국인 경로,4,3
2023-09-21,중국어 일반,1,2
2023-09-21,영어 일반,4,4
2023-09-21,일어 일반,1,0
2023-09-21,중국어 일반,9,1
2023-09-21,영어 어린이,1,1
2023-09-22,일반,17432,9830
2023-09-22,어린이,146,103
2023-09-22,중고생,3,3
2023-09-22,청소년,921,633
2023-09-22,경로,1423,767
2023-09-22,장애인,338,153
2023-09-22,국가유공자,18,10
2023-09-22,직원,136,15
2023-09-22,외국인 경로,6,3
2023-09-22,중국어 일반,0,0
2023-09-22,영어 일반,8,5
2023-09-22,중국어 일반,5,1
2023-09-23,일반,11599,6633
2023-09-23,어린이,377,237
2023-09-23,중고생,1,0
2023-09-23,청소년,415,262
2023-09-23,경로,1115,645
2023-09-23,장애인,248,134
2023-09-23,국가유공자,11,5
2023-09-23,직원,80,12
2023-09-23,외국인 경로,6,2
2023-09-23,중국어 일반,0,2
2023-09-23,영어 일반,2,0
2023-09-23,중국어 일반,3,5
2023-09-24,일반,8453,4861
2023-09-24,어린이,261,150
2023-09-24,중고생,1,0
2023-09-24,청소년,283,158
2023-09-24,경로,938,529
2023-09-24,장애인,215,119
2023-09-24,국가유공자,12,6
2023-09-24,직원,98,19
2023-09-24,외국인 경로,4,3
2023-09-24,중국어 일반,2,4
2023-09-24,영어 일반,2,2
2023-09-24,중국어 일반,3,1
2023-09-25,일반,17162,10809
2023-09-25,어린이,40,27
2023-09-25,중고생,2,3
2023-09-25,청소년,398,248
2023-09-25,경로,1255,609
2023-09-25,장애인,318,157
2023-09-25,국가유공자,23,11
2023-09-25,직원,126,19
2023-09-25,외국인 경로,5,2
2023-09-25,중국어 일반,1,4
2023-09-25,영어 일반,3,2
2023-09-25,중국어 일반,4,0
2023-09-25,영어 어린이,1,0
2023-09-26,일반,18191,11079
2023-09-26,어린이,37,14
2023-09-26,중고생,6,4
2023-09-26,청소년,556,354
2023-09-26,경로,1081,585
2023-09-26,장애인,340,190
2023-09-26,국가유공자,14,11
2023-09-26,직원,120,20
2023-09-26,외국인 경로,3,1
2023-09-26,중국어 일반,1,6
2023-09-26,영어 일반,6,5
2023-09-26,중국어 일반,7,2
2023-09-27,일반,17915,10020
2023-09-27,어린이,38,22
2023-09-27,중고생,6,8
2023-09-27,청소년,682,405
2023-09-27,경로,1119,570
2023-09-27,장애인,293,148
2023-09-27,국가유공자,16,5
2023-09-27,직원,121,21
2023-09-27,외국인 경로,2,2
2023-09-27,중국어 일반,1,1
2023-09-27,영어 일반,6,8
2023-09-27,중국어 일반,6,1
2023-09-27,영어 어린이,1,2
2023-09-28,일반,6828,2525
2023-09-28,어린이,121,67
2023-09-28,청소년,161,87
2023-09-28,경로,592,276
2023-09-28,장애인,143,61
2023-09-28,국가유공자,10,2
2023-09-28,직원,71,8
2023-09-28,외국인 경로,2,2
2023-09-28,중국어 일반,2,2
2023-09-28,영어 일반,3,4
2023-09-28,중국어 일반,9,7
2023-09-28,중국어 어린이,2,2
2023-09-29,일반,5323,2720
2023-09-29,어린이,250,122
2023-09-29,중고생,0,0
2023-09-29,청소년,166,91
2023-09-29,경로,534,249
2023-09-29,장애인,158,66
2023-09-29,국가유공자,9,5
2023-09-29,직원,70,12
2023-09-29,외국인 경로,2,3
2023-09-29,중국어 일반,3,3
2023-09-29,영어 일반,9,5
2023-09-29,중국어 일반,7,4
2023-09-29,영어 어린이,4,1
2023-09-29,일어 어린이,2,2
2023-09-29,중국어 어린이,1,0
2023-09-30,일반,4944,2991
2023-09-30,어린이,224,130
2023-09-30,청소년,160,75
2023-09-30,경로,659,328
2023-09-30,장애인,167,73
2023-09-30,국가유공자,7,3
2023-09-30,직원,61,11
2023-09-30,외국인 경로,6,0
2023-09-30,중국어 일반,4,5
2023-09-30,영어 일반,4,3
2023-09-30,중국어 일반,7,4
2023-09-30,영어 어린이,3,4
2023-09-30,중국어 어린이,1,1
2023-10-01,일반,7446,4310
2023-10-01,어린이,472,215
2023-10-01,중고생,2,0
2023-10-01,청소년,332,195
2023-10-01,경로,983,529
2023-10-01,장애인,248,125
2023-10-01,국가유공자,8,2
2023-10-01,직원,57,13
2023-10-01,외국인 경로,5,2
2023-10-01,중국어 일반,6,6
2023-10-01,영어 일반,3,5
2023-10-01,중국어 일반,18,5
2023-10-01,중국어 어린이,1,1
2023-10-02,일반,7476,4678
2023-10-02,어린이,415,273
2023-10-02,중고생,1,1
2023-10-02,청소년,267,145
2023-10-02,경로,1006,475
2023-10-02,장애인,225,86
2023-10-02,국가유공자,11,6
2023-10-02,직원,68,7
2023-10-02,외국인 경로,6,3
2023-10-02,중국어 일반,6,8
2023-10-02,영어 일반,5,5
2023-10-02,일어 일반,1,0
2023-10-02,중국어 일반,6,7
2023-10-02,영어 어린이,3,0
2023-10-02,중국어 어린이,0,2
2023-10-03,일반,6726,4316
2023-10-03,어린이,265,138
2023-10-03,청소년,196,128
2023-10-03,경로,876,453
2023-10-03,장애인,209,105
2023-10-03,국가유공자,10,2
2023-10-03,직원,75,18
2023-10-03,외국인 경로,5,2
2023-10-03,중국어 일반,2,4
2023-10-03,영어 일반,1,0
2023-10-03,중국어 일반,6,4
2023-10-03,영어 어린이,0,3
2023-10-03,중국어 어린이,1,0
2023-10-04,일반,18607,11946
2023-10-04,어린이,60,35
2023-10-04,중고생,5,7
2023-10-04,청소년,445,297
2023-10-04,경로,1364,706
2023-10-04,장애인,351,174
2023-10-04,국가유공자,18,9
2023-10-04,직원,134,30
2023-10-04,외국인 경로,3,1
2023-10-04,중국어 일반,1,3
2023-10-04,영어 일반,1,1
2023-10-04,중국어 일반,6,1
2023-10-05,일반,17817,11113
2023-10-05,어린이,65,17
2023-10-05,중고생,10,5
2023-10-05,청소년,679,406
2023-10-05,경로,1374,706
2023-10-05,장애인,341,188
2023-10-05,국가유공자,17,12
2023-10-05,직원,125,20
2023-10-05,외국인 경로,3,2
2023-10-05,중국어 일반,0,2
2023-10-05,영어 일반,5,3
2023-10-05,중국어 일반,10,2
2023-10-05,중국어 어린이,1,2
2023-10-06,일반,16414,9542
2023-10-06,어린이,147,97
2023-10-06,중고생,6,4
2023-10-06,청소년,705,519
2023-10-06,경로,1374,722
2023-10-06,장애인,322,169
2023-10-06,국가유공자,18,12
2023-10-06,직원,119,18
2023-10-06,외국인 경로,3,2
2023-10-06,중국어 일반,1,2
2023-10-06,영어 일반,7,6
2023-10-06,중국어 일반,5,3
2023-10-06,영어 어린이,4,4
2023-10-07,일반,11226,6339
2023-10-07,어린이,327,206
2023-10-07,중고생,0,1
2023-10-07,청소년,533,282
2023-10-07,경로,1105,585
2023-10-07,장애인,236,133
2023-10-07,국가유공자,17,11
2023-10-07,직원,83,16
2023-10-07,외국인 경로,6,2
2023-10-07,중국어 일반,4,5
2023-10-07,영어 일반,3,1
2023-10-07,중국어 일반,4,2
2023-10-07,영어 어린이,1,0
2023-10-08,일반,7838,4370
2023-10-08,어린이,273,164
2023-10-08,중고생,2,0
2023-10-08,청소년,248,156
2023-10-08,경로,930,512
2023-10-08,장애인,184,106
2023-10-08,국가유공자,5,5
2023-10-08,직원,100,12
2023-10-08,외국인 경로,4,2
2023-10-08,중국어 일반,4,8
2023-10-08,영어 일반,5,2
2023-10-08,일어 일반,3,0
2023-10-08,중국어 일반,4,3
2023-10-08,영어 어린이,1,1
2023-10-09,일반,7959,4486
2023-10-09,어린이,199,109
2023-10-09,중고생,0,1
2023-10-09,청소년,313,168
2023-10-09,경로,930,470
2023-10-09,장애인,182,89
2023-10-09,국가유공자,12,7
2023-10-09,직원,72,14
2023-10-09,외국인 경로,3,1
2023-10-09,중국어 일반,2,6
2023-10-09,영어 일반,1,1
2023-10-09,일어 일반,1,1
2023-10-09,중국어 일반,4,2
2023-10-10,일반,17578,10819
2023-10-10,어린이,38,20
2023-10-10,중고생,3,3
2023-10-10,청소년,560,423
2023-10-10,경로,1374,734
2023-10-10,장애인,331,161
2023-10-10,국가유공자,22,14
2023-10-10,직원,115,17
2023-10-10,외국인 경로,2,2
2023-10-10,영어 일반,6,3
2023-10-10,중국어 일반,2,0
2023-10-10,영어 어린이,3,0
2023-10-11,일반,17464,10703
2023-10-11,어린이,40,20
2023-10-11,중고생,3,5
2023-10-11,청소년,661,340
2023-10-11,경로,1390,720
2023-10-11,장애인,355,168
2023-10-11,국가유공자,24,8
2023-10-11,직원,129,17
2023-10-11,외국인 경로,3,1
2023-10-11,중국어 일반,3,5
2023-10-11,영어 일반,5,1
2023-10-11,일어 일반,1,1
2023-10-11,중국어 일반,8,3
2023-10-11,영어 어린이,1,1
2023-10-12,일반,17482,10874
2023-10-12,어린이,30,16
2023-10-12,중고생,6,5
2023-10-12,청소년,482,290
2023-10-12,경로,1430,708
2023-10-12,장애인,331,185
2023-10-12,국가유공자,25,11
2023-10-12,직원,144,23
2023-10-12,외국인 경로,4,2
2023-10-12,중국어 일반,3,3
2023-10-12,영어 일반,3,1
2023-10-12,중국어 일반,2,1
2023-10-12,영어 어린이,1,0
2023-10-13,일반,15881,9311
2023-10-13,어린이,115,70
2023-10-13,중고생,2,3
2023-10-13,청소년,515,346
2023-10-13,경로,1379,718
2023-10-13,장애인,343,169
2023-10-13,국가유공자,18,9
2023-10-13,직원,121,15
2023-10-13,외국인 경로,5,3
2023-10-13,중국어 일반,2,1
2023-10-13,영어 일반,4,3
2023-10-13,일어 일반,1,0
2023-10-13,중국어 일반,5,2
2023-10-14,일반,9126,5065
2023-10-14,어린이,159,91
2023-10-14,중고생,0,0
2023-10-14,청소년,368,204
2023-10-14,경로,1056,590
2023-10-14,장애인,224,91
2023-10-14,국가유공자,14,4
2023-10-14,직원,91,14
2023-10-14,외국인 경로,3,2
2023-10-14,중국어 일반,1,2
2023-10-14,영어 일반,8,3
2023-10-14,일어 일반,1,0
2023-10-14,중국어 일반,4,1
2023-10-14,영어 어린이,3,0
2023-10-15,일반,8486,4869
2023-10-15,어린이,409,215
2023-10-15,중고생,1,0
2023-10-15,청소년,267,136
2023-10-15,경로,1070,565
2023-10-15,장애인,196,103
2023-10-15,국가유공자,12,8
2023-10-15,직원,77,10
2023-10-15,외국인 경로,4,1
2023-10-15,중국어 일반,5,10
2023-10-15,영어 일반,1,6
2023-10-15,중국어 일반,2,0
2023-10-15,영어 어린이,1,0
2023-10-16,일반,16128,10180
2023-10-16,어린이,29,25
2023-10-16,중고생,3,2
2023-10-16,청소년,285,215
2023-10-16,경로,1336,701
2023-10-16,장애인,310,155
2023-10-16,국가유공자,17,11
2023-10-16,직원,139,27
2023-10-16,외국인 경로,4,4
2023-10-16,중국어 일반,1,3
2023-10-16,영어 일반,12,6
2023-10-16,일어 일반,1,1
2023-10-16,중국어 일반,5,1
2023-10-16,영어 어린이,1,0
2023-10-17,일반,17248,10300
2023-10-17,어린이,36,31
2023-10-17,중고생,2,3
2023-10-17,청소년,461,361
2023-10-17,경로,1383,725
2023-10-17,장애인,341,171
2023-10-17,국가유공자,19,9
2023-10-17,직원,132,29
2023-10-17,외국인 경로,3,3
2023-10-17,중국어 일반,0,0
2023-10-17,영어 일반,8,4
2023-10-17,중국어 일반,4,0
2023-10-17,영어 어린이,2,0
2023-10-18,일반,16823,10206
2023-10-18,어린이,28,14
2023-10-18,중고생,5,5
2023-10-18,청소년,386,248
2023-10-18,경로,1437,744
2023-10-18,장애인,369,190
2023-10-18,국가유공자,18,13
2023-10-18,직원,141,20
2023-10-18,외국인 경로,5,5
2023-10-18,중국어 일반,1,5
2023-10-18,영어 일반,14,13
2023-10-18,중국어 일반,1,2
2023-10-18,영어 어린이,7,6
2023-10-19,일반,16775,10246
2023-10-19,어린이,110,86
2023-10-19,중고생,3,4
2023-10-19,청소년,726,583
2023-10-19,경로,1217,674
2023-10-19,장애인,349,185
2023-10-19,국가유공자,21,7
2023-10-19,직원,97,22
2023-10-19,외국인 경로,3,2
2023-10-19,중국어 일반,6,9
2023-10-19,영어 일반,6,5
2023-10-19,중국어 일반,4,0
2023-10-19,영어 어린이,0,1
2023-10-20,일반,16638,9529
2023-10-20,어린이,107,39
2023-10-20,중고생,5,4
2023-10-20,청소년,836,422
2023-10-20,경로,1359,748
2023-10-20,장애인,326,144
2023-10-20,국가유공자,16,10
2023-10-20,직원,122,20
2023-10-20,외국인 경로,6,5
2023-10-20,영어 일반,13,6
2023-10-20,중국어 일반,2,0
2023-10-20,영어 어린이,4,2
2023-10-21,일반,11872,6854
2023-10-21,어린이,304,216
2023-10-21,중고생,2,0
2023-10-21,청소년,440,256
2023-10-21,경로,1196,673
2023-10-21,장애인,664,379
2023-10-21,국가유공자,16,7
2023-10-21,직원,94,20
2023-10-21,외국인 경로,8,4
2023-10-21,중국어 일반,5,8
2023-10-21,영어 일반,9,7
2023-10-21,중국어 일반,4,0
2023-10-21,영어 어린이,3,0
2023-10-21,중국어 어린이,2,0
2023-10-22,일반,7716,4635
2023-10-22,어린이,227,132
2023-10-22,청소년,293,176
2023-10-22,경로,986,524
2023-10-22,장애인,182,101
2023-10-22,국가유공자,13,4
2023-10-22,직원,92,15
2023-10-22,외국인 경로,3,1
2023-10-22,중국어 일반,2,5
2023-10-22,영어 일반,10,5
2023-10-22,중국어 일반,3,1
2023-10-22,영어 어린이,0,1
2023-10-22,중국어 어린이,0,2
2023-10-23,일반,16291,10014
2023-10-23,어린이,29,20
2023-10-23,중고생,1,1
2023-10-23,청소년,282,177
2023-10-23,경로,1240,640
2023-10-23,장애인,305,157
2023-10-23,국가유공자,27,10
2023-10-23,직원,125,31
2023-10-23,외국인 경로,2,2
2023-10-23,중국어 일반,1,2
2023-10-23,영어 일반,12,5
2023-10-23,일어 일반,2,3
2023-10-23,중국어 일반,9,5
2023-10-23,영어 어린이,7,0
2023-10-24,일반,16695,10295
2023-10-24,어린이,26,20
2023-10-24,중고생,2,3
2023-10-24,청소년,321,241
2023-10-24,경로,1249,630
2023-10-24,장애인,328,179
2023-10-24,국가유공자,15,13
2023-10-24,직원,157,40
2023-10-24,외국인 경로,5,3
2023-10-24,중국어 일반,0,3
2023-10-24,영어 일반,9,8
2023-10-24,중국어 일반,20,14
2023-10-24,영어 어린이,3,0
2023-10-24,중국어 어린이,0,0
2023-10-25,일반,16572,10045
2023-10-25,어린이,47,19
2023-10-25,중고생,1,2
2023-10-25,청소년,314,186
2023-10-25,경로,1427,767
2023-10-25,장애인,334,171
2023-10-25,국가유공자,22,10
2023-10-25,직원,116,20
2023-10-25,외국인 경로,4,4
2023-10-25,중국어 일반,1,0
2023-10-25,영어 일반,7,6
2023-10-25,일어 일반,0,1
2023-10-25,중국어 일반,4,1
2023-10-25,영어 어린이,0,1
2023-10-25,중국어 어린이,4,0
2023-10-26,일반,16573,9901
2023-10-26,어린이,21,16
2023-10-26,중고생,1,4
2023-10-26,청소년,306,242
2023-10-26,경로,1271,689
2023-10-26,장애인,296,147
2023-10-26,국가유공자,21,11
2023-10-26,직원,153,24
2023-10-26,외국인 경로,5,4
2023-10-26,중국어 일반,1,0
2023-10-26,영어 일반,11,3
2023-10-26,일어 일반,3,0
2023-10-26,중국어 일반,3,3
2023-10-27,일반,16722,9291
2023-10-27,어린이,75,29
2023-10-27,중고생,2,2
2023-10-27,청소년,465,270
2023-10-27,경로,1467,794
2023-10-27,장애인,348,189
2023-10-27,국가유공자,19,8
2023-10-27,직원,132,22
2023-10-27,외국인 경로,4,3
2023-10-27,중국어 일반,1,0
2023-10-27,영어 일반,12,3
2023-10-27,일어 일반,1,0
2023-10-27,중국어 일반,8,4
2023-10-27,영어 어린이,1,1
2023-10-28,일반,12788,7457
2023-10-28,어린이,1045,744
2023-10-28,중고생,3,0
2023-10-28,청소년,411,218
2023-10-28,경로,1349,696
2023-10-28,장애인,282,168
2023-10-28,국가유공자,9,9
2023-10-28,직원,85,15
2023-10-28,외국인 경로,7,5
2023-10-28,중국어 일반,8,5
2023-10-28,영어 일반,8,8
2023-10-28,일어 일반,0,2
2023-10-28,영어 어린이,1,3
2023-10-28,일어 어린이,0,1
2023-10-29,일반,8365,4938
2023-10-29,어린이,242,139
2023-10-29,청소년,272,141
2023-10-29,경로,1103,562
2023-10-29,장애인,212,108
2023-10-29,국가유공자,13,9
2023-10-29,직원,79,17
2023-10-29,외국인 경로,5,1
2023-10-29,중국어 일반,5,7
2023-10-29,영어 일반,4,3
2023-10-29,중국어 일반,1,0
2023-10-29,영어 어린이,0,2
2023-10-29,중국어 어린이,1,0
2023-10-30,일반,16688,10408
2023-10-30,어린이,41,25
2023-10-30,중고생,2,3
2023-10-30,청소년,419,300
2023-10-30,경로,1464,754
2023-10-30,장애인,306,174
2023-10-30,국가유공자,18,8
2023-10-30,직원,127,24
2023-10-30,외국인 경로,5,2
2023-10-30,중국어 일반,1,2
2023-10-30,영어 일반,3,1
2023-10-30,중국어 일반,2,0
2023-10-31,일반,17496,10805
2023-10-31,어린이,33,27
2023-10-31,중고생,3,4
2023-10-31,청소년,298,201
2023-10-31,경로,1396,698
2023-10-31,장애인,346,187
2023-10-31,국가유공자,16,10
2023-10-31,직원,112,27
2023-10-31,외국인 경로,9,4
2023-10-31,중국어 일반,3,6
2023-10-31,영어 일반,6,2
2023-10-31,일어 일반,1,1
2023-10-31,중국어 일반,4,2
2023-10-31,영어 어린이,1,1
2023-11-01,일반,17073,10561
2023-11-01,어린이,25,15
2023-11-01,중고생,6,3
2023-11-01,청소년,317,197
2023-11-01,우대권,1660,895
2023-11-01,직원,134,22
2023-11-01,영어 일반,1,2
2023-11-01,중국어 일반,5,1
2023-11-02,일반,17772,10822
2023-11-02,어린이,57,21
2023-11-02,중고생,4,4
2023-11-02,청소년,454,261
2023-11-02,우대권,1779,971
2023-11-02,직원,164,20
2023-11-02,영어 일반,6,3
2023-11-02,일어 일반,0,4
2023-11-02,중국어 일반,10,5
2023-11-02,중국어 어린이,1,0
2023-11-03,일반,16084,9173
2023-11-03,어린이,76,39
2023-11-03,중고생,1,1
2023-11-03,청소년,440,258
2023-11-03,우대권,1703,866
2023-11-03,직원,148,21
2023-11-03,영어 일반,15,7
2023-11-03,일어 일반,1,1
2023-11-03,중국어 일반,7,3
2023-11-03,영어 어린이,1,1
2023-11-04,일반,11315,6372
2023-11-04,어린이,333,207
2023-11-04,중고생,0,1
2023-11-04,청소년,322,201
2023-11-04,우대권,1467,744
2023-11-04,직원,119,11
2023-11-04,영어 일반,6,2
2023-11-04,일어 일반,1,0
2023-11-04,중국어 일반,1,0
2023-11-04,영어 어린이,1,0
2023-11-05,일반,6759,4005
2023-11-05,어린이,69,49
2023-11-05,중고생,0,0
2023-11-05,청소년,195,114
2023-11-05,우대권,982,526
2023-11-05,직원,117,17
2023-11-05,일어 일반,1,0
2023-11-05,중국어 일반,1,0
2023-11-06,일반,16832,10554
2023-11-06,어린이,29,14
2023-11-06,중고생,3,2
2023-11-06,청소년,400,186
2023-11-06,우대권,1482,826
2023-11-06,직원,158,24
2023-11-06,영어 일반,2,5
2023-11-06,중국어 일반,2,0
2023-11-06,영어 어린이,0,1
2023-11-07,일반,17617,10754
2023-11-07,어린이,34,16
2023-11-07,중고생,4,3
2023-11-07,청소년,404,172
2023-11-07,우대권,1651,920
2023-11-07,직원,163,20
2023-11-07,영어 일반,1,4
2023-11-07,중국어 일반,1,1
2023-11-08,일반,17491,10790
2023-11-08,어린이,42,26
2023-11-08,중고생,3,4
2023-11-08,청소년,407,300
2023-11-08,우대권,1716,956
2023-11-08,직원,166,25
2023-11-08,영어 일반,4,3
2023-11-08,일어 일반,1,1
2023-11-08,중국어 일반,6,2
2023-11-09,일반,17006,9854
2023-11-09,어린이,56,31
2023-11-09,중고생,3,3
2023-11-09,청소년,324,173
2023-11-09,우대권,1661,878
2023-11-09,직원,153,17
2023-11-09,영어 일반,8,2
2023-11-09,중국어 일반,4,4
2023-11-09,영어 어린이,1,0
2023-11-10,일반,15946,8789
2023-11-10,어린이,90,20
2023-11-10,중고생,5,3
2023-11-10,청소년,429,171
2023-11-10,우대권,1567,824
2023-11-10,직원,139,27
2023-11-10,영어 일반,6,2
2023-11-10,일어 일반,0,2
2023-11-10,중국어 일반,6,1
2023-11-11,일반,9852,5671
2023-11-11,어린이,174,114
2023-11-11,중고생,1,1
2023-11-11,청소년,341,217
2023-11-11,우대권,1141,627
2023-11-11,직원,110,20
2023-11-11,영어 일반,8,3
2023-11-11,중국어 일반,3,1
2023-11-11,영어 어린이,0,1
2023-11-11,중국어 어린이,4,0
2023-11-12,일반,7379,4300
2023-11-12,어린이,109,51
2023-11-12,청소년,192,86
2023-11-12,우대권,985,544
2023-11-12,직원,119,17
2023-11-12,영어 일반,5,1
2023-11-12,중국어 일반,3,0
2023-11-13,일반,16588,10306
2023-11-13,어린이,28,9
2023-11-13,중고생,2,3
2023-11-13,청소년,420,169
2023-11-13,우대권,1506,854
2023-11-13,직원,161,26
2023-11-13,영어 일반,4,6
2023-11-13,일어 일반,1,1
2023-11-13,중국어 일반,2,1
2023-11-14,일반,17521,10657
2023-11-14,어린이,18,14
2023-11-14,중고생,3,3
2023-11-14,청소년,251,155
2023-11-14,우대권,1633,895
2023-11-14,직원,192,23
2023-11-14,영어 일반,8,4
2023-11-14,중국어 일반,1,0
2023-11-14,영어 어린이,1,1
2023-11-15,일반,17012,10471
2023-11-15,어린이,39,20
2023-11-15,중고생,4,4
2023-11-15,청소년,313,196
2023-11-15,우대권,1621,850
2023-11-15,직원,173,19
2023-11-15,영어 일반,5,6
2023-11-15,중국어 일반,1,0
2023-11-16,일반,17379,10703
2023-11-16,어린이,27,20
2023-11-16,중고생,3,2
2023-11-16,청소년,294,164
2023-11-16,우대권,1545,865
2023-11-16,직원,174,28
2023-11-16,영어 일반,9,5
2023-11-16,중국어 일반,4,3
2023-11-16,영어 어린이,3,0
2023-11-17,일반,16573,9794
2023-11-17,어린이,127,14
2023-11-17,중고생,2,2
2023-11-17,청소년,338,165
2023-11-17,우대권,1493,811
2023-11-17,직원,167,27
2023-11-17,영어 일반,5,4
2023-11-17,일어 일반,2,0
2023-11-17,중국어 일반,8,1
2023-11-18,일반,12022,7039
2023-11-18,어린이,159,88
2023-11-18,중고생,10,4
2023-11-18,청소년,961,689
2023-11-18,우대권,1154,632
2023-11-18,직원,129,18
2023-11-18,영어 일반,3,0
2023-11-18,중국어 일반,6,0
2023-11-18,영어 어린이,0,1
2023-11-18,중국어 어린이,1,1
2023-11-19,일반,7237,4511
2023-11-19,어린이,130,65
2023-11-19,중고생,5,4
2023-11-19,청소년,347,192
2023-11-19,우대권,1027,539
2023-11-19,직원,127,10
2023-11-19,영어 일반,5,2
2023-11-19,중국어 일반,2,3
2023-11-19,영어 어린이,1,0
2023-11-20,일반,15996,10045
2023-11-20,어린이,18,14
2023-11-20,중고생,1,1
2023-11-20,청소년,288,173
2023-11-20,우대권,1594,867
2023-11-20,직원,157,24
2023-11-20,영어 일반,6,6
2023-11-20,일어 일반,3,3
2023-11-20,중국어 일반,4,1
2023-11-21,일반,17078,10597
2023-11-21,어린이,22,15
2023-11-21,중고생,6,5
2023-11-21,청소년,384,358
2023-11-21,우대권,1536,856
2023-11-21,직원,177,18
2023-11-21,영어 일반,3,3
2023-11-21,일어 일반,1,0
2023-11-21,중국어 일반,4,3
2023-11-21,중국어 어린이,0,1
2023-11-22,일반,17387,10804
2023-11-22,어린이,34,12
2023-11-22,중고생,6,4
2023-11-22,청소년,291,181
2023-11-22,우대권,1642,896
2023-11-22,직원,135,27
2023-11-22,영어 일반,4,8
2023-11-22,일어 일반,1,3
2023-11-22,중국어 일반,4,2
2023-11-22,영어 어린이,2,3
2023-11-23,일반,17673,10922
2023-11-23,어린이,34,19
2023-11-23,중고생,4,4
2023-11-23,청소년,392,225
2023-11-23,우대권,1630,889
2023-11-23,직원,138,21
2023-11-23,영어 일반,2,1
2023-11-23,일어 일반,1,0
2023-11-23,중국어 일반,3,4
2023-11-24,일반,15938,9297
2023-11-24,어린이,26,13
2023-11-24,중고생,2,2
2023-11-24,청소년,297,196
2023-11-24,우대권,1464,802
2023-11-24,직원,140,23
2023-11-24,영어 일반,10,3
2023-11-24,일어 일반,1,0
2023-11-24,중국어 일반,5,3
2023-11-25,일반,10563,5834
2023-11-25,어린이,115,87
2023-11-25,중고생,8,4
2023-11-25,청소년,694,370
2023-11-25,우대권,1137,582
2023-11-25,직원,83,11
2023-11-25,영어 일반,3,1
2023-11-25,일어 일반,1,0
2023-11-25,중국어 일반,1,1
2023-11-25,영어 어린이,2,1
2023-11-26,일반,10494,6152
2023-11-26,어린이,87,48
2023-11-26,중고생,8,4
2023-11-26,청소년,1567,829
2023-11-26,우대권,995,545
2023-11-26,직원,113,17
2023-11-26,영어 일반,8,3
2023-11-26,중국어 일반,3,1
2023-11-26,영어 어린이,6,1
2023-11-27,일반,16242,10184
2023-11-27,어린이,10,9
2023-11-27,중고생,3,2
2023-11-27,청소년,330,260
2023-11-27,우대권,1488,804
2023-11-27,직원,108,23
2023-11-27,영어 일반,2,2
2023-11-27,중국어 일반,7,3
2023-11-28,일반,17338,10383
2023-11-28,어린이,14,12
2023-11-28,중고생,4,4
2023-11-28,청소년,321,213
2023-11-28,우대권,1547,792
2023-11-28,직원,153,19
2023-11-28,영어 일반,1,1
2023-11-28,중국어 일반,6,0
2023-11-28,영어 어린이,0,1
2023-11-29,일반,17401,10797
2023-11-29,어린이,34,22
2023-11-29,중고생,5,4
2023-11-29,청소년,293,187
2023-11-29,우대권,1639,894
2023-11-29,직원,130,20
2023-11-29,영어 일반,4,1
2023-11-29,중국어 일반,4,1
2023-11-29,영어 어린이,2,0
2023-11-30,일반,17481,10859
2023-11-30,어린이,17,10
2023-11-30,중고생,3,2
2023-11-30,청소년,436,231
2023-11-30,우대권,1491,810
2023-11-30,직원,115,19
2023-11-30,영어 일반,4,3
2023-11-30,중국어 일반,1,0
2023-11-30,영어 어린이,2,1
2023-12-01,일반,16257,9637
2023-12-01,어린이,24,20
2023-12-01,중고생,3,2
2023-12-01,청소년,472,298
2023-12-01,우대권,1563,891
2023-12-01,직원,120,13
2023-12-01,영어 일반,2,2
2023-12-01,중국어 일반,5,2
2023-12-02,일반,9792,5612
2023-12-02,어린이,93,66
2023-12-02,중고생,3,3
2023-12-02,청소년,344,219
2023-12-02,우대권,1210,648
2023-12-02,직원,84,18
2023-12-02,영어 일반,7,3
2023-12-02,일어 일반,2,1
2023-12-02,중국어 일반,4,5
2023-12-02,영어 어린이,1,1
2023-12-02,중국어 어린이,0,1
2023-12-03,일반,6838,4217
2023-12-03,어린이,68,27
2023-12-03,중고생,4,0
2023-12-03,청소년,237,140
2023-12-03,우대권,1003,542
2023-12-03,직원,70,11
2023-12-03,영어 일반,6,4
2023-12-03,일어 일반,0,0
2023-12-03,중국어 일반,4,0
2023-12-04,일반,16418,10219
2023-12-04,어린이,24,14
2023-12-04,중고생,5,3
2023-12-04,청소년,274,166
2023-12-04,우대권,1545,844
2023-12-04,직원,120,19
2023-12-04,영어 일반,6,3
2023-12-04,중국어 일반,3,5
2023-12-04,영어 어린이,5,0
2023-12-05,일반,16667,10279
2023-12-05,어린이,12,14
2023-12-05,중고생,2,2
2023-12-05,청소년,212,156
2023-12-05,우대권,1619,883
2023-12-05,직원,128,24
2023-12-05,영어 일반,1,1
2023-12-05,중국어 일반,4,1
2023-12-06,일반,16894,10400
2023-12-06,어린이,25,11
2023-12-06,중고생,4,4
2023-12-06,청소년,313,206
2023-12-06,우대권,1706,925
2023-12-06,직원,131,17
2023-12-06,영어 일반,4,2
2023-12-06,중국어 일반,11,2
2023-12-07,일반,17199,10639
2023-12-07,어린이,25,20
2023-12-07,중고생,3,2
2023-12-07,청소년,347,215
2023-12-07,우대권,1704,916
2023-12-07,직원,152,25
2023-12-07,영어 일반,4,5
2023-12-07,중국어 일반,0,0
2023-12-07,영어 어린이,4,4
2023-12-08,일반,15499,8978
2023-12-08,어린이,41,23
2023-12-08,중고생,4,2
2023-12-08,청소년,285,158
2023-12-08,우대권,1728,940
2023-12-08,직원,140,20
2023-12-08,영어 일반,2,8
2023-12-08,중국어 일반,5,0
2023-12-08,중국어 어린이,0,0
2023-12-09,일반,9663,5632
2023-12-09,어린이,165,103
2023-12-09,중고생,0,0
2023-12-09,청소년,321,212
2023-12-09,우대권,1308,713
2023-12-09,직원,116,17
2023-12-09,영어 일반,1,0
2023-12-09,중국어 일반,1,0
2023-12-09,영어 어린이,1,0
2023-12-09,중국어 어린이,1,1
2023-12-10,일반,6885,4059
2023-12-10,어린이,141,74
2023-12-10,청소년,171,79
2023-12-10,우대권,1168,597
2023-12-10,직원,82,14
2023-12-10,영어 일반,3,0
2023-12-10,일어 일반,2,0
2023-12-10,중국어 일반,11,5
2023-12-10,영어 어린이,2,1
2023-12-10,중국어 어린이,5,3
2023-12-11,일반,16428,10037
2023-12-11,어린이,18,11
2023-12-11,중고생,1,1
2023-12-11,청소년,249,151
2023-12-11,우대권,1520,840
2023-12-11,직원,120,21
2023-12-11,영어 일반,2,1
2023-12-11,중국어 일반,2,0
2023-12-12,일반,16865,10297
2023-12-12,어린이,19,13
2023-12-12,중고생,1,2
2023-12-12,청소년,306,206
2023-12-12,우대권,1605,886
2023-12-12,직원,148,20
2023-12-12,영어 일반,5,1
2023-12-12,중국어 일반,1,3
2023-12-12,중국어 어린이,0,1
2023-12-13,일반,16315,9946
2023-12-13,어린이,14,15
2023-12-13,중고생,2,3
2023-12-13,청소년,300,168
2023-12-13,우대권,1669,921
2023-12-13,직원,147,26
2023-12-13,영어 일반,3,1
2023-12-13,중국어 일반,3,3
2023-12-14,공통,0,0
2023-12-14,일반,17005,10324
2023-12-14,어린이,31,23
2023-12-14,중고생,3,2
2023-12-14,청소년,403,247
2023-12-14,우대권,1728,1050
2023-12-14,직원,127,22
2023-12-14,영어 일반,6,2
2023-12-14,중국어 일반,3,1
2023-12-14,영어 어린이,1,0
2023-12-15,일반,15928,9400
2023-12-15,어린이,24,25
2023-12-15,중고생,3,2
2023-12-15,청소년,382,261
2023-12-15,우대권,1520,869
2023-12-15,직원,122,18
2023-12-15,영어 일반,5,3
2023-12-15,일어 일반,2,0
2023-12-15,중국어 일반,6,1
2023-12-15,영어 어린이,2,2
2023-12-16,일반,10210,6078
2023-12-16,어린이,183,105
2023-12-16,중고생,2,0
2023-12-16,청소년,250,155
2023-12-16,우대권,1150,658
2023-12-16,직원,71,13
2023-12-16,영어 일반,8,3
2023-12-16,중국어 일반,3,3
2023-12-16,영어 어린이,5,2
2023-12-17,일반,6471,4011
2023-12-17,어린이,59,32
2023-12-17,중고생,1,0
2023-12-17,청소년,201,101
2023-12-17,우대권,856,447
2023-12-17,직원,72,19
2023-12-17,영어 일반,2,1
2023-12-17,중국어 일반,5,1
2023-12-17,영어 어린이,0,1
2023-12-18,일반,14680,8840
2023-12-18,어린이,23,15
2023-12-18,중고생,2,1
2023-12-18,청소년,220,134
2023-12-18,우대권,1437,784
2023-12-18,직원,120,23
2023-12-18,영어 일반,3,5
2023-12-18,중국어 일반,6,8
2023-12-19,일반,15755,9321
2023-12-19,어린이,25,21
2023-12-19,중고생,6,4
2023-12-19,청소년,338,198
2023-12-19,우대권,1547,861
2023-12-19,직원,117,21
2023-12-19,영어 일반,4,3
2023-12-19,중국어 일반,7,3
2023-12-19,영어 어린이,5,0
2023-12-20,공통,0,0
2023-12-20,일반,15274,8858
2023-12-20,어린이,19,11
2023-12-20,중고생,4,2
2023-12-20,청소년,269,158
2023-12-20,우대권,1494,808
2023-12-20,직원,119,36
2023-12-20,영어 일반,1,1
2023-12-20,중국어 일반,5,3
2023-12-21,일반,14953,8787
2023-12-21,어린이,22,11
2023-12-21,중고생,1,2
2023-12-21,청소년,220,147
2023-12-21,우대권,1359,738
2023-12-21,직원,120,16
2023-12-21,영어 일반,1,3
2023-12-21,중국어 일반,6,1
2023-12-21,영어 어린이,0,2
2023-12-21,중국어 어린이,1,0
2023-12-22,공통,0,0
2023-12-22,일반,13623,7577
2023-12-22,어린이,28,18
2023-12-22,중고생,2,0
2023-12-22,청소년,273,169
2023-12-22,우대권,1394,772
2023-12-22,직원,135,26
2023-12-22,영어 일반,3,4
2023-12-22,일어 일반,2,2
2023-12-22,중국어 일반,9,6
2023-12-22,영어 어린이,4,3
2023-12-22,중국어 어린이,5,6
2023-12-23,일반,8418,4426
2023-12-23,어린이,106,53
2023-12-23,중고생,2,0
2023-12-23,청소년,242,135
2023-12-23,우대권,1027,534
2023-12-23,직원,70,14
2023-12-23,영어 일반,7,2
2023-12-23,중국어 일반,2,3
2023-12-23,영어 어린이,7,3
2023-12-23,중국어 어린이,1,3
2023-12-24,일반,7037,3675
2023-12-24,어린이,119,78
2023-12-24,중고생,0,0
2023-12-24,청소년,236,89
2023-12-24,우대권,888,482
2023-12-24,직원,62,12
2023-12-24,영어 일반,6,6
2023-12-24,중국어 일반,5,6
2023-12-24,영어 어린이,2,3
2023-12-24,중국어 어린이,3,3
2023-12-25,공통,0,0
2023-12-25,일반,6545,3685
2023-12-25,어린이,71,32
2023-12-25,중고생,1,0
2023-12-25,청소년,320,169
2023-12-25,우대권,866,447
2023-12-25,직원,78,10
2023-12-25,영어 일반,5,2
2023-12-25,일어 일반,0,1
2023-12-25,중국어 일반,9,7
2023-12-25,영어 어린이,1,1
2023-12-25,일어 어린이,0,1
2023-12-25,중국어 어린이,3,3
2023-12-26,공통,0,0
2023-12-26,일반,12086,6691
2023-12-26,어린이,46,30
2023-12-26,중고생,2,0
2023-12-26,청소년,286,206
2023-12-26,우대권,1483,786
2023-12-26,직원,124,18
2023-12-26,영어 일반,11,6
2023-12-26,일어 일반,0,0
2023-12-26,중국어 일반,10,9
2023-12-26,영어 어린이,16,7
2023-12-26,중국어 어린이,4,5
2023-12-27,공통,0,0
2023-12-27,일반,12314,6728
2023-12-27,어린이,45,15
2023-12-27,중고생,2,0
2023-12-27,청소년,313,227
2023-12-27,우대권,1521,803
2023-12-27,직원,108,10
2023-12-27,영어 일반,4,0
2023-12-27,일어 일반,1,0
2023-12-27,중국어 일반,11,6
2023-12-27,중국어 어린이,5,2
2023-12-28,일반,12357,6674
2023-12-28,어린이,71,53
2023-12-28,청소년,222,127
2023-12-28,우대권,1526,790
2023-12-28,직원,110,18
2023-12-28,영어 일반,5,2
2023-12-28,중국어 일반,5,6
2023-12-28,영어 어린이,5,0
2023-12-28,중국어 어린이,2,3
2023-12-29,일반,12097,6464
2023-12-29,어린이,61,39
2023-12-29,청소년,277,172
2023-12-29,우대권,1499,781
2023-12-29,직원,122,10
2023-12-29,영어 일반,16,5
2023-12-29,일어 일반,0,0
2023-12-29,중국어 일반,10,5
2023-12-29,영어 어린이,0,1
2023-12-29,중국어 어린이,4,3
2023-12-30,일반,8506,4334
2023-12-30,어린이,127,79
2023-12-30,청소년,238,144
2023-12-30,우대권,1106,559
2023-12-30,직원,74,14
2023-12-30,영어 일반,6,2
2023-12-30,일어 일반,1,1
2023-12-30,중국어 일반,5,3
2023-12-30,중국어 어린이,2,3
2023-12-31,일반,6233,3153
2023-12-31,어린이,74,54
2023-12-31,중고생,2,0
2023-12-31,청소년,195,108
2023-12-31,우대권,896,485
2023-12-31,직원,79,10
2023-12-31,영어 일반,11,2
2023-12-31,중국어 일반,5,8
2023-12-31,영어 어린이,6,0
2023-12-31,일어 어린이,0,0
2023-12-31,중국어 어린이,1,3
